low_cut_rawsum_le,high_cut_rawsum_ge,accepted_proportion,escalation_proportion,low_zone_n,middle_zone_n,high_zone_n,low_zone_npv,high_zone_ppv,accepted_error_n,accepted_error_rate_all,accepted_error_rate_accepted,average_item_burden,burden_reduction_vs_90,constraint_low_npv_min,constraint_high_ppv_min,constraint_accepted_error_max
13,24,0.7844151047918013,0.21558489520819868,7019,2335,1477,0.9962957686280097,0.962762356127285,81,0.007478533838057428,0.009533898305084746,31.168867140614903,0.6536792539931677,0.995,0.96,0.008
13,25,0.7689963992244483,0.23100360077555165,7019,2502,1310,0.9962957686280097,0.9786259541984733,54,0.004985689225371619,0.006483371353103614,32.325270058166375,0.6408303326870403,0.995,0.96,0.008
13,26,0.7577324346782384,0.2422675653217616,7019,2624,1188,0.9962957686280097,0.9865319865319865,42,0.0038777582864001478,0.005117582551480444,33.17006739913212,0.6314436955651986,0.995,0.96,0.008
12,24,0.7541316591265811,0.24586834087341888,6691,2663,1477,0.9979076371244956,0.962762356127285,69,0.006370602899085957,0.008447600391772772,33.44012556550641,0.628443049272151,0.995,0.96,0.008
13,27,0.7455451943495522,0.2544548056504478,7019,2756,1056,0.9962957686280097,0.990530303030303,36,0.0033237928169144123,0.004458204334365325,34.084110423783585,0.6212876619579601,0.995,0.96,0.008
12,25,0.7387129535592282,0.2612870464407719,6691,2830,1310,0.9979076371244956,0.9786259541984733,42,0.0038777582864001478,0.005249343832020997,34.59652848305789,0.6155941279660234,0.995,0.96,0.008
13,28,0.7345582125380852,0.2654417874619149,7019,2875,937,0.9962957686280097,0.9935965848452508,32,0.002954482503923922,0.004022121669180492,34.908134059643615,0.6121318437817376,0.995,0.96,0.008
12,26,0.7274489890130182,0.2725510109869818,6691,2952,1188,0.9979076371244956,0.9865319865319865,30,0.002769827347428677,0.0038075897956593475,35.441325824023636,0.6062074908441818,0.995,0.96,0.008
13,29,0.725787092604561,0.274212907395439,7019,2970,842,0.9962957686280097,0.994061757719715,31,0.0028621549256762995,0.003943518636305814,35.56596805465793,0.6048225771704675,0.995,0.96,0.008
11,24,0.7170159726710369,0.28298402732896316,6289,3065,1477,0.9988869454603275,0.962762356127285,62,0.005724309851352599,0.007983517898532062,36.22380204967224,0.5975133105591973,0.995,0.96,0.008
13,30,0.7164620072015511,0.2835379927984489,7019,3071,741,0.9962957686280097,0.9973009446693657,28,0.002585172190933432,0.0036082474226804126,36.265349459883666,0.5970516726679592,0.995,0.96,0.008
12,27,0.715261748684332,0.284738251315668,6691,3084,1056,0.9979076371244956,0.990530303030303,24,0.0022158618779429414,0.0030979734090615723,36.3553688486751,0.5960514572369433,0.995,0.96,0.008
13,31,0.7058443357030745,0.29415566429692547,7019,3186,626,0.9962957686280097,0.9984025559105432,27,0.0024928446126858093,0.0035317200784826686,37.06167482226941,0.5882036130858954,0.995,0.96,0.008
12,28,0.7042747668728649,0.29572523312713506,6691,3203,937,0.9979076371244956,0.9935965848452508,20,0.0018465515649524512,0.0026219192448872575,37.17939248453513,0.5868956390607208,0.995,0.96,0.008
11,25,0.7015972671036839,0.29840273289631614,6289,3232,1310,0.9988869454603275,0.9786259541984733,35,0.0032314652386667897,0.0046058691933149095,37.38020496722371,0.5846643892530698,0.995,0.96,0.008
13,32,0.6989197673345028,0.30108023266549716,7019,3261,551,0.9962957686280097,0.9981851179673321,27,0.0024928446126858093,0.0035667107001321006,37.58101744991229,0.582433139445419,0.995,0.96,0.008
12,29,0.6955036469393407,0.3044963530606592,6691,3298,842,0.9979076371244956,0.994061757719715,19,0.0017542239867048288,0.0025222354971458916,37.83722647954944,0.5795863724494507,0.995,0.96,0.008
13,33,0.6925491644354168,0.30745083556458314,7019,3330,482,0.9962957686280097,1.0,26,0.0024005170344381867,0.0034662045060658577,38.05881266734374,0.5771243036961807,0.995,0.96,0.008
11,26,0.6903333025574739,0.30966669744252606,6289,3354,1188,0.9988869454603275,0.9865319865319865,23,0.002123534299695319,0.003076100040123044,38.22500230818946,0.5752777521312282,0.995,0.96,0.008
13,34,0.6871941648970548,0.31280583510294524,7019,3388,424,0.9962957686280097,1.0,26,0.0024005170344381867,0.0034932151014375923,38.4604376327209,0.572661804080879,0.995,0.96,0.008
12,30,0.6861785615363309,0.3138214384636691,6691,3399,741,0.9979076371244956,0.9973009446693657,16,0.001477241251961961,0.002152852529601722,38.53660788477518,0.5718154679469425,0.995,0.96,0.008
10,24,0.6821161480934355,0.3178838519065645,5911,3443,1477,0.9993232955506682,0.962762356127285,59,0.0054473271166097315,0.007985923118570656,38.84128889299234,0.5684301234111963,0.995,0.96,0.008
13,35,0.6814698550457021,0.3185301449542978,7019,3450,362,0.9962957686280097,1.0,26,0.0024005170344381867,0.003522557918981168,38.88976087157234,0.5678915458714184,0.995,0.96,0.008
11,27,0.6781460622287877,0.32185393777121224,6289,3486,1056,0.9988869454603275,0.990530303030303,17,0.0015695688302095835,0.002314499659632403,39.13904533284092,0.5651217185239897,0.995,0.96,0.008
13,36,0.6774997691810544,0.32250023081894563,7019,3493,319,0.9962957686280097,1.0,26,0.0024005170344381867,0.0035431997819569366,39.18751731142092,0.564583140984212,0.995,0.96,0.008
12,31,0.6755608900378544,0.3244391099621457,6691,3514,626,0.9979076371244956,0.9984025559105432,15,0.0013849136737143384,0.002050020500205002,39.33293324716092,0.5629674083648786,0.995,0.96,0.008
13,37,0.6727910626904257,0.32720893730957434,7019,3544,268,0.9962957686280097,1.0,26,0.0024005170344381867,0.0035679978043090437,39.540670298218075,0.5606592189086881,0.995,0.96,0.008
13,38,0.6693749422952636,0.3306250577047364,7019,3581,231,0.9962957686280097,1.0,26,0.0024005170344381867,0.003586206896551724,39.79687932785523,0.5578124519127197,0.995,0.96,0.008
12,32,0.6686363216692827,0.3313636783307174,6691,3589,551,0.9979076371244956,0.9981851179673321,15,0.0013849136737143384,0.002071251035625518,39.8522758748038,0.5571969347244022,0.995,0.96,0.008
11,28,0.6671590804173206,0.33284091958267936,6289,3605,937,0.9988869454603275,0.9935965848452508,13,0.0012002585172190933,0.0017990589537780239,39.96306896870095,0.5559659003477672,0.995,0.96,0.008
10,25,0.6666974425260825,0.33330255747391746,5911,3610,1310,0.9993232955506682,0.9786259541984733,32,0.002954482503923922,0.004431519180168952,39.997691810543806,0.5555812021050688,0.995,0.96,0.008
13,39,0.6652202012741206,0.33477979872587943,7019,3626,186,0.9962957686280097,1.0,26,0.0024005170344381867,0.0036086051353226927,40.10848490444096,0.5543501677284338,0.995,0.96,0.008
13,40,0.6627273566614348,0.3372726433385652,7019,3653,159,0.9962957686280097,1.0,26,0.0024005170344381867,0.003622178879910839,40.29544825039239,0.5522727972178624,0.995,0.96,0.008
12,33,0.6622657187701967,0.33773428122980337,6691,3658,482,0.9979076371244956,1.0,14,0.001292586095466716,0.0019517635577861424,40.33007109223525,0.5518880989751639,0.995,0.96,0.008
13,41,0.6604191672052442,0.3395808327947558,7019,3678,134,0.9962957686280097,1.0,26,0.0024005170344381867,0.0036348385292884105,40.46856245960669,0.5503493060043702,0.995,0.96,0.008
13,42,0.6586649432185394,0.34133505678146064,7019,3697,115,0.9962957686280097,1.0,26,0.0024005170344381867,0.0036445192038127277,40.60012925860955,0.5488874526821161,0.995,0.96,0.008
11,29,0.6583879604837966,0.3416120395162035,6289,3700,842,0.9988869454603275,0.994061757719715,12,0.0011079309389714707,0.0016827934371055953,40.62090296371526,0.5486566337364971,0.995,0.96,0.008
13,43,0.6570030468100821,0.34299695318991785,7019,3715,97,0.9962957686280097,1.0,26,0.0024005170344381867,0.0036537380550871277,40.724771489243835,0.5475025390084018,0.995,0.96,0.008
12,34,0.6569107192318345,0.34308928076816547,6691,3716,424,0.9979076371244956,1.0,14,0.001292586095466716,0.0019676739283204497,40.73169605761241,0.5474255993598621,0.995,0.96,0.008
10,26,0.6554334779798726,0.3445665220201274,5911,3732,1188,0.9993232955506682,0.9865319865319865,20,0.0018465515649524512,0.002817298211015636,40.842489151509554,0.5461945649832272,0.995,0.96,0.008
13,44,0.6554334779798726,0.3445665220201274,7019,3732,80,0.9962957686280097,1.0,26,0.0024005170344381867,0.003662487674320327,40.842489151509554,0.5461945649832272,0.995,0.96,0.008
13,45,0.6537715815714153,0.3462284184285846,7019,3750,62,0.9962957686280097,1.0,26,0.0024005170344381867,0.0036717977686767404,40.96713138214385,0.5448096513095128,0.995,0.96,0.008
13,46,0.6523866678977011,0.34761333210229894,7019,3765,47,0.9962957686280097,1.0,26,0.0024005170344381867,0.003679592414378715,41.07099990767242,0.5436555565814175,0.995,0.96,0.008
13,47,0.6513710645369772,0.3486289354630228,7019,3776,36,0.9962957686280097,1.0,26,0.0024005170344381867,0.00368532955350815,41.14717015972671,0.5428092204474809,0.995,0.96,0.008
12,35,0.651186409380482,0.34881359061951805,6691,3778,362,0.9979076371244956,1.0,14,0.001292586095466716,0.0019849709343541756,41.161019296463856,0.5426553411504016,0.995,0.96,0.008
13,48,0.650909426645739,0.3490905733542609,7019,3781,31,0.9962957686280097,1.0,26,0.0024005170344381867,0.0036879432624113474,41.18179300156957,0.5424245222047825,0.995,0.96,0.008
13,49,0.6504477887545009,0.349552211245499,7019,3786,26,0.9962957686280097,1.0,26,0.0024005170344381867,0.0036905606813342796,41.21641584341243,0.5420398239620842,0.995,0.96,0.008
13,50,0.6500784784415105,0.34992152155848955,7019,3790,22,0.9962957686280097,1.0,26,0.0024005170344381867,0.0036926572929981537,41.24411411688671,0.5417320653679254,0.995,0.96,0.008
13,51,0.6498938232850152,0.3501061767149848,7019,3792,20,0.9962957686280097,1.0,26,0.0024005170344381867,0.0036937064923994885,41.257963253623856,0.5415781860708461,0.995,0.96,0.008
13,52,0.6494321853937771,0.3505678146062229,7019,3797,15,0.9962957686280097,1.0,26,0.0024005170344381867,0.003696332101222633,41.29258609546672,0.5411934878281476,0.995,0.96,0.008
13,53,0.6491552026590343,0.35084479734096574,7019,3800,12,0.9962957686280097,1.0,26,0.0024005170344381867,0.0036979092589958756,41.31335980057243,0.5409626688825285,0.995,0.96,0.008
11,30,0.6490628750807866,0.35093712491921336,6289,3801,741,0.9988869454603275,0.9973009446693657,9,0.0008309482042286031,0.0012802275960170698,41.320284368941,0.5408857292339888,0.995,0.96,0.008
13,54,0.6490628750807866,0.35093712491921336,7019,3801,11,0.9962957686280097,1.0,26,0.0024005170344381867,0.003698435277382646,41.320284368941,0.5408857292339888,0.995,0.96,0.008
13,55,0.648970547502539,0.351029452497461,7019,3802,10,0.9962957686280097,1.0,26,0.0024005170344381867,0.0036989614454403185,41.32720893730957,0.5408087895854492,0.995,0.96,0.008
13,56,0.6488782199242914,0.3511217800757086,7019,3803,9,0.9962957686280097,1.0,26,0.0024005170344381867,0.003699487763232783,41.334133505678146,0.5407318499369095,0.995,0.96,0.008
13,57,0.6486012371895485,0.35139876281045146,7019,3806,6,0.9962957686280097,1.0,26,0.0024005170344381867,0.003701067615658363,41.354907210783864,0.5405010309912904,0.995,0.96,0.008
13,58,0.6484165820330533,0.35158341796694675,7019,3808,4,0.9962957686280097,1.0,26,0.0024005170344381867,0.0037021216004556458,41.36875634752101,0.540347151694211,0.995,0.96,0.008
13,59,0.6483242544548057,0.3516757455451944,7019,3809,3,0.9962957686280097,1.0,26,0.0024005170344381867,0.00370264881800057,41.375680915889575,0.5402702120456714,0.995,0.96,0.008
13,60,0.6483242544548057,0.3516757455451944,7019,3809,3,0.9962957686280097,1.0,26,0.0024005170344381867,0.00370264881800057,41.375680915889575,0.5402702120456714,0.995,0.96,0.008
12,36,0.6472163235158341,0.3527836764841658,6691,3821,319,0.9979076371244956,1.0,14,0.001292586095466716,0.0019971469329529245,41.45877573631244,0.5393469362631951,0.995,0.96,0.008
9,24,0.6444464961684055,0.3555535038315945,5503,3851,1477,0.9994548428130111,0.962762356127285,58,0.005354999538362108,0.00830945558739255,41.666512787369584,0.5370387468070046,0.995,0.96,0.008
10,27,0.6432462376511864,0.35675376234881356,5911,3864,1056,0.9993232955506682,0.990530303030303,14,0.001292586095466716,0.0020094732309458877,41.756532176161016,0.5360385313759887,0.995,0.96,0.008
12,37,0.6425076170252054,0.3574923829747946,6691,3872,268,0.9979076371244956,1.0,14,0.001292586095466716,0.0020117833021985917,41.811928723109595,0.5354230141876711,0.995,0.96,0.008
12,38,0.6390914966300434,0.3609085033699566,6691,3909,231,0.9979076371244956,1.0,14,0.001292586095466716,0.0020225368390638545,42.06813775274674,0.5325762471917028,0.995,0.96,0.008
11,31,0.63844520358231,0.36155479641768995,6289,3916,626,0.9988869454603275,0.9984025559105432,8,0.0007386206259809805,0.0011569052783803326,42.11660973132675,0.532037669651925,0.995,0.96,0.008
12,39,0.6349367556089004,0.3650632443910996,6691,3954,186,0.9979076371244956,1.0,14,0.001292586095466716,0.0020357714119528863,42.37974332933247,0.529113963007417,0.995,0.96,0.008
12,40,0.6324439109962146,0.36755608900378545,6691,3981,159,0.9979076371244956,1.0,14,0.001292586095466716,0.0020437956204379564,42.56670667528391,0.5270365924968454,0.995,0.96,0.008
10,28,0.6322592558397193,0.3677407441602807,5911,3983,937,0.9993232955506682,0.9935965848452508,10,0.0009232757824762256,0.0014602803738317756,42.58055581202105,0.5268827131997661,0.995,0.96,0.008
11,32,0.6315206352137384,0.36847936478626164,6289,3991,551,0.9988869454603275,0.9981851179673321,8,0.0007386206259809805,0.0011695906432748538,42.635952358969625,0.5262671960114486,0.995,0.96,0.008
12,41,0.630135721540024,0.369864278459976,6691,4006,134,0.9979076371244956,1.0,14,0.001292586095466716,0.0020512820512820513,42.7398208844982,0.5251131012833533,0.995,0.96,0.008
9,25,0.6290277906010525,0.3709722093989475,5503,4018,1310,0.9994548428130111,0.9786259541984733,31,0.0028621549256762995,0.004550124761485396,42.82291570492106,0.5241898255008771,0.995,0.96,0.008
12,42,0.6283814975533192,0.3716185024466808,6691,4025,115,0.9979076371244956,1.0,14,0.001292586095466716,0.002057008521892448,42.87138768350106,0.5236512479610993,0.995,0.96,0.008
12,43,0.6267196011448619,0.37328039885513803,6691,4043,97,0.9979076371244956,1.0,14,0.001292586095466716,0.0020624631703005302,42.99602991413535,0.522266334287385,0.995,0.96,0.008
11,33,0.6251500323146524,0.3748499676853476,6289,4060,482,0.9988869454603275,1.0,7,0.000646293047733358,0.0010338207059518536,43.113747576401074,0.5209583602622103,0.995,0.96,0.008
12,44,0.6251500323146524,0.3748499676853476,6691,4060,80,0.9979076371244956,1.0,14,0.001292586095466716,0.002067641411903707,43.113747576401074,0.5209583602622103,0.995,0.96,0.008
10,29,0.6234881359061952,0.3765118640938048,5911,4078,842,0.9993232955506682,0.994061757719715,9,0.0008309482042286031,0.0013327410039982231,43.23838980703536,0.519573446588496,0.995,0.96,0.008
12,45,0.6234881359061952,0.3765118640938048,6691,4078,62,0.9979076371244956,1.0,14,0.001292586095466716,0.002073152672886125,43.23838980703536,0.519573446588496,0.995,0.96,0.008
12,46,0.6221032222324808,0.3778967777675192,6691,4093,47,0.9979076371244956,1.0,14,0.001292586095466716,0.0020777678836449986,43.34225833256394,0.5184193518604007,0.995,0.96,0.008
12,47,0.621087618871757,0.378912381128243,6691,4104,36,0.9979076371244956,1.0,14,0.001292586095466716,0.002081165452653486,43.418428584618226,0.5175730157264642,0.995,0.96,0.008
12,48,0.6206259809805189,0.37937401901948115,6691,4109,31,0.9979076371244956,1.0,14,0.001292586095466716,0.0020827134781315083,43.45305142646109,0.5171883174837657,0.995,0.96,0.008
12,49,0.6201643430892808,0.37983565691071924,6691,4114,26,0.9979076371244956,1.0,14,0.001292586095466716,0.00208426380824773,43.48767426830394,0.5168036192410673,0.995,0.96,0.008
11,34,0.6197950327762903,0.3802049672237097,6289,4118,424,0.9988869454603275,1.0,7,0.000646293047733358,0.0010427528675703858,43.51537254177823,0.5164958606469086,0.995,0.96,0.008
12,50,0.6197950327762903,0.3802049672237097,6691,4118,22,0.9979076371244956,1.0,14,0.001292586095466716,0.0020855057351407717,43.51537254177823,0.5164958606469086,0.995,0.96,0.008
12,51,0.619610377619795,0.38038962238020496,6691,4120,20,0.9979076371244956,1.0,14,0.001292586095466716,0.0020861272537624795,43.52922167851537,0.5163419813498292,0.995,0.96,0.008
12,52,0.6191487397285569,0.38085126027144306,6691,4125,15,0.9979076371244956,1.0,14,0.001292586095466716,0.0020876826722338203,43.56384452035823,0.5159572831071307,0.995,0.96,0.008
12,53,0.618871756993814,0.381128243006186,6691,4128,12,0.9979076371244956,1.0,14,0.001292586095466716,0.002088617037147546,43.58461822546395,0.5157264641615117,0.995,0.96,0.008
12,54,0.6187794294155664,0.3812205705844336,6691,4129,11,0.9979076371244956,1.0,14,0.001292586095466716,0.0020889286780065653,43.59154279383252,0.5156495245129721,0.995,0.96,0.008
12,55,0.6186871018373188,0.3813128981626812,6691,4130,10,0.9979076371244956,1.0,14,0.001292586095466716,0.002089240411878824,43.59846736220109,0.5155725848644324,0.995,0.96,0.008
12,56,0.6185947742590712,0.38140522574092883,6691,4131,9,0.9979076371244956,1.0,14,0.001292586095466716,0.00208955223880597,43.60539193056966,0.5154956452158926,0.995,0.96,0.008
12,57,0.6183177915243283,0.3816822084756717,6691,4134,6,0.9979076371244956,1.0,14,0.001292586095466716,0.002090488278333582,43.62616563567538,0.5152648262702736,0.995,0.96,0.008
12,58,0.6181331363678331,0.38186686363216693,6691,4136,4,0.9979076371244956,1.0,14,0.001292586095466716,0.0020911127707244214,43.64001477241252,0.5151109469731943,0.995,0.96,0.008
12,59,0.6180408087895854,0.38195919121041455,6691,4137,3,0.9979076371244956,1.0,14,0.001292586095466716,0.002091425156856887,43.64693934078109,0.5150340073246545,0.995,0.96,0.008
12,60,0.6180408087895854,0.38195919121041455,6691,4137,3,0.9979076371244956,1.0,14,0.001292586095466716,0.002091425156856887,43.64693934078109,0.5150340073246545,0.995,0.96,0.008
9,26,0.6177638260548426,0.3822361739451574,5503,4140,1188,0.9994548428130111,0.9865319865319865,19,0.0017542239867048288,0.0028396353310416976,43.667713045886806,0.5148031883790355,0.995,0.96,0.008
10,30,0.6141630505031853,0.3858369494968147,5911,4179,741,0.9993232955506682,0.9973009446693657,6,0.0005539654694857353,0.0009019843656043296,43.937771212261104,0.5118025420859877,0.995,0.96,0.008
11,35,0.6140707229249377,0.3859292770750623,6289,4180,362,0.9988869454603275,1.0,7,0.000646293047733358,0.0010524733122838671,43.94469578062967,0.5117256024374481,0.995,0.96,0.008
11,36,0.6101006370602899,0.3898993629397101,6289,4223,319,0.9988869454603275,1.0,7,0.000646293047733358,0.001059322033898305,44.242452220478256,0.5084171975502416,0.995,0.96,0.008
9,27,0.6055765857261564,0.3944234142738436,5503,4272,1056,0.9994548428130111,0.990530303030303,13,0.0012002585172190933,0.0019820094526604667,44.58175607053827,0.504647154771797,0.995,0.96,0.008
11,37,0.6053919305696611,0.3946080694303388,6289,4274,268,0.9988869454603275,1.0,7,0.000646293047733358,0.001067561384779625,44.59560520727541,0.5044932754747177,0.995,0.96,0.008
8,24,0.6044686547871849,0.3955313452128151,5070,4284,1477,0.9996055226824457,0.962762356127285,57,0.005262671960114486,0.00870627768443562,44.66485089096113,0.5037238789893208,0.995,0.96,0.008
10,31,0.6035453790047087,0.3964546209952913,5911,4294,626,0.9993232955506682,0.9984025559105432,5,0.0004616378912381128,0.0007648768548263729,44.73409657464685,0.5029544825039239,0.995,0.96,0.008
11,38,0.6019758101744991,0.39802418982550086,6289,4311,231,0.9988869454603275,1.0,7,0.000646293047733358,0.0010736196319018406,44.85181423691257,0.5016465084787493,0.995,0.96,0.008
11,39,0.5978210691533561,0.4021789308466439,6289,4356,186,0.9988869454603275,1.0,7,0.000646293047733358,0.001081081081081081,45.163419813498294,0.4981842242944634,0.995,0.96,0.008
10,32,0.596620810636137,0.40337918936386297,5911,4369,551,0.9993232955506682,0.9981851179673321,5,0.0004616378912381128,0.0007737542556484061,45.25343920228973,0.4971840088634475,0.995,0.96,0.008
11,40,0.5953282245406702,0.4046717754593297,6289,4383,159,0.9988869454603275,1.0,7,0.000646293047733358,0.0010856079404466502,45.35038315944973,0.4961068537838919,0.995,0.96,0.008
9,28,0.5945896039146893,0.4054103960853107,5503,4391,937,0.9994548428130111,0.9935965848452508,9,0.0008309482042286031,0.0013975155279503106,45.4057797063983,0.4954913365955745,0.995,0.96,0.008
11,41,0.5930200350844798,0.40697996491552024,6289,4408,134,0.9988869454603275,1.0,7,0.000646293047733358,0.001089833411178577,45.52349736866402,0.4941833625703998,0.995,0.96,0.008
11,42,0.5912658110977749,0.40873418890222507,6289,4427,115,0.9988869454603275,1.0,7,0.000646293047733358,0.0010930668332292317,45.65506416766688,0.4927215092481458,0.995,0.96,0.008
10,33,0.5902502077370511,0.40974979226294894,5911,4438,482,0.9993232955506682,1.0,4,0.00036931031299049027,0.0006256843422493353,45.73123441972117,0.49187517311420925,0.995,0.96,0.008
11,43,0.5896039146893177,0.4103960853106823,6289,4445,97,0.9988869454603275,1.0,7,0.000646293047733358,0.001096147823363608,45.77970639830117,0.49133659557443143,0.995,0.96,0.008
8,25,0.589049949219832,0.41095005078016805,5070,4451,1310,0.9996055226824457,0.9786259541984733,30,0.002769827347428677,0.004702194357366771,45.8212538085126,0.49087495768319334,0.995,0.96,0.008
11,44,0.5880343458591081,0.41196565414089187,6289,4462,80,0.9988869454603275,1.0,7,0.000646293047733358,0.0010990736379337415,45.89742406056689,0.49002862154925675,0.995,0.96,0.008
11,45,0.5863724494506509,0.4136275505493491,6289,4480,62,0.9988869454603275,1.0,7,0.000646293047733358,0.0011021886317115414,46.022066291201185,0.4886437078755424,0.995,0.96,0.008
9,29,0.5858184839811652,0.41418151601883485,5503,4486,842,0.9994548428130111,0.994061757719715,8,0.0007386206259809805,0.001260835303388495,46.06361370141261,0.4881820699843043,0.995,0.96,0.008
11,46,0.5849875357769365,0.4150124642230634,6289,4495,47,0.9988869454603275,1.0,7,0.000646293047733358,0.0011047979797979798,46.12593481672976,0.4874896131474471,0.995,0.96,0.008
10,34,0.5848952081986889,0.41510479180131105,5911,4496,424,0.9993232955506682,1.0,4,0.00036931031299049027,0.0006314127861089187,46.13285938509833,0.4874126734989075,0.995,0.96,0.008
11,47,0.5839719324162127,0.4160280675837873,6289,4506,36,0.9988869454603275,1.0,7,0.000646293047733358,0.0011067193675889327,46.20210506878404,0.4866432770135106,0.995,0.96,0.008
11,48,0.5835102945249746,0.4164897054750254,6289,4511,31,0.9988869454603275,1.0,7,0.000646293047733358,0.0011075949367088608,46.236727910626904,0.4862585787708122,0.995,0.96,0.008
11,49,0.5830486566337365,0.4169513433662635,6289,4516,26,0.9988869454603275,1.0,7,0.000646293047733358,0.0011084718923198734,46.271350752469765,0.4858738805281137,0.995,0.96,0.008
11,50,0.582679346320746,0.417320653679254,6289,4520,22,0.9988869454603275,1.0,7,0.000646293047733358,0.0011091744572967834,46.29904902594405,0.485566121933955,0.995,0.96,0.008
11,51,0.5824946911642508,0.4175053088357492,6289,4522,20,0.9988869454603275,1.0,7,0.000646293047733358,0.0011095260738627358,46.31289816268119,0.4854122426368756,0.995,0.96,0.008
11,52,0.5820330532730127,0.41796694672698737,6289,4527,15,0.9988869454603275,1.0,7,0.000646293047733358,0.0011104060913705585,46.347521004524054,0.48502754439417717,0.995,0.96,0.008
11,53,0.5817560705382698,0.4182439294617302,6289,4530,12,0.9988869454603275,1.0,7,0.000646293047733358,0.0011109347722583717,46.368294709629765,0.4847967254485582,0.995,0.96,0.008
11,54,0.5816637429600222,0.41833625703997784,6289,4531,11,0.9988869454603275,1.0,7,0.000646293047733358,0.0011111111111111111,46.37521927799834,0.48471978580001845,0.995,0.96,0.008
11,55,0.5815714153817745,0.41842858461822546,6289,4532,10,0.9988869454603275,1.0,7,0.000646293047733358,0.001111287505953326,46.38214384636691,0.4846428461514788,0.995,0.96,0.008
11,56,0.5814790878035269,0.4185209121964731,6289,4533,9,0.9988869454603275,1.0,7,0.000646293047733358,0.0011114639568116863,46.38906841473548,0.48456590650293907,0.995,0.96,0.008
11,57,0.581202105068784,0.41879789493121594,6289,4536,6,0.9988869454603275,1.0,7,0.000646293047733358,0.0011119936457505957,46.409842119841194,0.4843350875573201,0.995,0.96,0.008
11,58,0.5810174499122888,0.4189825500877112,6289,4538,4,0.9988869454603275,1.0,7,0.000646293047733358,0.0011123470522803114,46.42369125657834,0.4841812082602407,0.995,0.96,0.008
11,59,0.5809251223340411,0.4190748776659588,6289,4539,3,0.9988869454603275,1.0,7,0.000646293047733358,0.0011125238397965672,46.43061582494691,0.48410426861170097,0.995,0.96,0.008
11,60,0.5809251223340411,0.4190748776659588,6289,4539,3,0.9988869454603275,1.0,7,0.000646293047733358,0.0011125238397965672,46.43061582494691,0.48410426861170097,0.995,0.96,0.008
10,35,0.5791708983473364,0.42082910165266363,5911,4558,362,0.9993232955506682,1.0,4,0.00036931031299049027,0.000637653435357883,46.562182623949774,0.48264241528944696,0.995,0.96,0.008
8,26,0.577785984673622,0.422214015326378,5070,4573,1188,0.9996055226824457,0.9865319865319865,18,0.0016618964084572062,0.0028763183125599234,46.66605114947835,0.48148832056135166,0.995,0.96,0.008
9,30,0.5764933985781553,0.4235066014218447,5503,4587,741,0.9994548428130111,0.9973009446693657,5,0.0004616378912381128,0.0008007687379884689,46.76299510663835,0.48041116548179613,0.995,0.96,0.008
10,36,0.5752008124826886,0.42479918751731144,5911,4601,319,0.9993232955506682,1.0,4,0.00036931031299049027,0.0006420545746388443,46.85993906379836,0.4793340104022405,0.995,0.96,0.008
10,37,0.5704921059920598,0.42950789400794015,5911,4652,268,0.9993232955506682,1.0,4,0.00036931031299049027,0.0006473539407671144,47.21309205059551,0.4754100883267165,0.995,0.96,0.008
10,38,0.5670759855968978,0.4329240144031022,5911,4689,231,0.9993232955506682,1.0,4,0.00036931031299049027,0.0006512536633018561,47.46930108023267,0.47256332133074813,0.995,0.96,0.008
9,31,0.5658757270796787,0.4341242729203213,5503,4702,626,0.9994548428130111,0.9984025559105432,4,0.00036931031299049027,0.0006526350138684941,47.5593204690241,0.4715631058997322,0.995,0.96,0.008
8,27,0.5655987443449358,0.43440125565506416,5070,4705,1056,0.9996055226824457,0.990530303030303,12,0.0011079309389714707,0.0019588638589618022,47.58009417412981,0.4713322869541132,0.995,0.96,0.008
10,39,0.5629212445757548,0.43707875542424524,5911,4734,186,0.9993232955506682,1.0,4,0.00036931031299049027,0.0006560603575528948,47.780906656818395,0.4691010371464623,0.995,0.96,0.008
10,40,0.5604283999630689,0.439571600036931,5911,4761,159,0.9993232955506682,1.0,4,0.00036931031299049027,0.0006589785831960461,47.96787000276983,0.4670236666358908,0.995,0.96,0.008
9,32,0.558951158711107,0.441048841288893,5503,4777,551,0.9994548428130111,0.9981851179673321,4,0.00036931031299049027,0.0006607201850016518,48.07866309666697,0.4657926322592559,0.995,0.96,0.008
10,41,0.5581202105068784,0.4418797894931216,5911,4786,134,0.9993232955506682,1.0,4,0.00036931031299049027,0.0006617038875103391,48.14098421198412,0.4651001754223987,0.995,0.96,0.008
7,24,0.5578432277721356,0.4421567722278645,4565,4789,1477,1.0,0.962762356127285,55,0.005078016803619241,0.009102946044356174,48.16175791708984,0.46486935647677957,0.995,0.96,0.008
10,42,0.5563659865201735,0.44363401347982645,5911,4805,115,0.9993232955506682,1.0,4,0.00036931031299049027,0.0006637902422834385,48.27255101098698,0.46363832210014466,0.995,0.96,0.008
10,43,0.5547040901117164,0.4452959098882836,5911,4823,97,0.9993232955506682,1.0,4,0.00036931031299049027,0.0006657789613848203,48.397193241621274,0.4622534084264303,0.995,0.96,0.008
8,28,0.5546117625334688,0.4453882374665313,5070,4824,937,0.9996055226824457,0.9935965848452508,8,0.0007386206259809805,0.001331779590477776,48.40411780998984,0.46217646877789065,0.995,0.96,0.008
10,44,0.5531345212815068,0.4468654787184932,5911,4840,80,0.9993232955506682,1.0,4,0.00036931031299049027,0.0006676681689200467,48.51491090388699,0.4609454344012556,0.995,0.96,0.008
9,33,0.552580555812021,0.44741944418797897,5503,4846,482,0.9994548428130111,1.0,3,0.0002769827347428677,0.0005012531328320802,48.55645831409842,0.46048379651001753,0.995,0.96,0.008
10,45,0.5514726248730496,0.4485273751269504,5911,4858,62,0.9993232955506682,1.0,4,0.00036931031299049027,0.0006696802276912774,48.63955313452128,0.45956052072754133,0.995,0.96,0.008
10,46,0.5500877111993352,0.44991228880066475,5911,4873,47,0.9993232955506682,1.0,4,0.00036931031299049027,0.000671366230278617,48.743421660049854,0.4584064259994461,0.995,0.96,0.008
10,47,0.5490721078386114,0.4509278921613886,5911,4884,36,0.9993232955506682,1.0,4,0.00036931031299049027,0.0006726080376660501,48.819591912104144,0.4575600898655095,0.995,0.96,0.008
10,48,0.5486104699473733,0.4513895300526267,5911,4889,31,0.9993232955506682,1.0,4,0.00036931031299049027,0.0006731740154830024,48.854214753947005,0.45717539162281107,0.995,0.96,0.008
10,49,0.5481488320561352,0.4518511679438648,5911,4894,26,0.9993232955506682,1.0,4,0.00036931031299049027,0.00067374094660603,48.88883759578986,0.4567906933801127,0.995,0.96,0.008
10,50,0.5477795217431447,0.4522204782568553,5911,4898,22,0.9993232955506682,1.0,4,0.00036931031299049027,0.0006741951795044666,48.91653586926415,0.45648293478595386,0.995,0.96,0.008
10,51,0.5475948665866495,0.4524051334133506,5911,4900,20,0.9993232955506682,1.0,4,0.00036931031299049027,0.0006744225257123588,48.930385006001295,0.4563290554888745,0.995,0.96,0.008
9,34,0.547225556273659,0.45277444372634107,5503,4904,424,0.9994548428130111,1.0,3,0.0002769827347428677,0.0005061582588155897,48.95808327947558,0.45602129689471577,0.995,0.96,0.008
10,52,0.5471332286954114,0.4528667713045887,5911,4905,15,0.9993232955506682,1.0,4,0.00036931031299049027,0.0006749915626054674,48.96500784784415,0.4559443572461761,0.995,0.96,0.008
10,53,0.5468562459606684,0.45314375403933155,5911,4908,12,0.9993232955506682,1.0,4,0.00036931031299049027,0.0006753334458889077,48.98578155294987,0.45571353830055705,0.995,0.96,0.008
10,54,0.5467639183824208,0.45323608161757917,5911,4909,11,0.9993232955506682,1.0,4,0.00036931031299049027,0.0006754474839581223,48.992706121318434,0.4556365986520174,0.995,0.96,0.008
10,55,0.5466715908041732,0.4533284091958268,5911,4910,10,0.9993232955506682,1.0,4,0.00036931031299049027,0.0006755615605472049,48.99963068968701,0.45555965900347767,0.995,0.96,0.008
10,56,0.5465792632259255,0.4534207367740744,5911,4911,9,0.9993232955506682,1.0,4,0.00036931031299049027,0.0006756756756756757,49.006555258055585,0.45548271935493795,0.995,0.96,0.008
10,57,0.5463022804911827,0.45369771950881727,5911,4914,6,0.9993232955506682,1.0,4,0.00036931031299049027,0.0006760182524928173,49.027328963161295,0.45525190040931895,0.995,0.96,0.008
10,58,0.5461176253346874,0.4538823746653125,5911,4916,4,0.9993232955506682,1.0,4,0.00036931031299049027,0.000676246830092984,49.04117809989844,0.45509802111223957,0.995,0.96,0.008
10,59,0.5460252977564398,0.4539747022435601,5911,4917,3,0.9993232955506682,1.0,4,0.00036931031299049027,0.0006763611768684477,49.04810266826701,0.45502108146369985,0.995,0.96,0.008
10,60,0.5460252977564398,0.4539747022435601,5911,4917,3,0.9993232955506682,1.0,4,0.00036931031299049027,0.0006763611768684477,49.04810266826701,0.45502108146369985,0.995,0.96,0.008
8,29,0.5458406425999446,0.4541593574000554,5070,4919,842,0.9996055226824457,0.994061757719715,7,0.000646293047733358,0.0011840324763193505,49.061951805004156,0.45486720216662047,0.995,0.96,0.008
7,25,0.5424245222047825,0.45757547779521746,4565,4956,1310,1.0,0.9786259541984733,28,0.002585172190933432,0.004765957446808511,49.318160834641304,0.45202043517065216,0.995,0.96,0.008
9,35,0.5415012464223063,0.45849875357769365,5503,4966,362,0.9994548428130111,1.0,3,0.0002769827347428677,0.0005115089514066496,49.387406518327026,0.4512510386852553,0.995,0.96,0.008
9,36,0.5375311605576586,0.4624688394423414,5503,5009,319,0.9994548428130111,1.0,3,0.0002769827347428677,0.0005152868430092751,49.68516295817561,0.4479426337980488,0.995,0.96,0.008
8,30,0.5365155571969348,0.4634844428030653,5070,5020,741,0.9996055226824457,0.9973009446693657,4,0.00036931031299049027,0.0006883496816382723,49.76133321022989,0.4470962976641123,0.995,0.96,0.008
9,37,0.5328224540670298,0.4671775459329702,5503,5060,268,0.9994548428130111,1.0,3,0.0002769827347428677,0.0005198405822214521,50.038315944972766,0.44401871172252483,0.995,0.96,0.008
7,26,0.5311605576585726,0.4688394423414274,4565,5078,1188,1.0,0.9865319865319865,16,0.001477241251961961,0.0027811576568746743,50.16295817560705,0.44263379804881053,0.995,0.96,0.008
9,38,0.5294063336718677,0.4705936663281322,5503,5097,231,0.9994548428130111,1.0,3,0.0002769827347428677,0.0005231949773282176,50.294524974609914,0.4411719447265565,0.995,0.96,0.008
8,31,0.5258978856984581,0.47410211430154187,5070,5135,626,0.9996055226824457,0.9984025559105432,3,0.0002769827347428677,0.000526685393258427,50.557658572615644,0.4382482380820484,0.995,0.96,0.008
9,39,0.5252515926507247,0.4747484073492752,5503,5142,186,0.9994548428130111,1.0,3,0.0002769827347428677,0.0005273334505185445,50.60613055119564,0.4377096605422707,0.995,0.96,0.008
9,40,0.522758748038039,0.47724125196196104,5503,5169,159,0.9994548428130111,1.0,3,0.0002769827347428677,0.0005298481102084069,50.79309389714708,0.4356322900316991,0.995,0.96,0.008
9,41,0.5204505585818484,0.4795494414181516,5503,5194,134,0.9994548428130111,1.0,3,0.0002769827347428677,0.0005321979776476849,50.96620810636137,0.433708798818207,0.995,0.96,0.008
7,27,0.5189733173298864,0.48102668267011356,4565,5210,1056,1.0,0.990530303030303,10,0.0009232757824762256,0.001779042874933286,51.077001200258515,0.43247776444157204,0.995,0.96,0.008
8,32,0.5189733173298864,0.48102668267011356,5070,5210,551,0.9996055226824457,0.9981851179673321,3,0.0002769827347428677,0.0005337128624799857,51.077001200258515,0.43247776444157204,0.995,0.96,0.008
9,42,0.5186963345951435,0.4813036654048564,5503,5213,115,0.9994548428130111,1.0,3,0.0002769827347428677,0.000533997864008544,51.09777490536423,0.432246945495953,0.995,0.96,0.008
9,43,0.5170344381866864,0.4829655618133136,5503,5231,97,0.9994548428130111,1.0,3,0.0002769827347428677,0.0005357142857142857,51.222417135998526,0.4308620318222386,0.995,0.96,0.008
9,44,0.5154648693564767,0.4845351306435232,5503,5248,80,0.9994548428130111,1.0,3,0.0002769827347428677,0.0005373455131649651,51.340134798264245,0.42955405779706396,0.995,0.96,0.008
6,24,0.5146339211522482,0.48536607884775185,4097,5257,1477,1.0,0.962762356127285,55,0.005078016803619241,0.009867240760674561,51.402455913581385,0.4288616009602068,0.995,0.96,0.008
9,45,0.5138029729480196,0.4861970270519804,5503,5266,62,0.9994548428130111,1.0,3,0.0002769827347428677,0.0005390835579514825,51.46477702889853,0.42816914412334967,0.995,0.96,0.008
8,33,0.5126027144308005,0.48739728556919953,5070,5279,482,0.9996055226824457,1.0,2,0.00018465515649524513,0.00036023054755043225,51.554796417689964,0.42716892869233375,0.995,0.96,0.008
9,46,0.5124180592743053,0.4875819407256948,5503,5281,47,0.9994548428130111,1.0,3,0.0002769827347428677,0.0005405405405405405,51.56864555442711,0.42701504939525436,0.995,0.96,0.008
9,47,0.5114024559135814,0.4885975440864186,5503,5292,36,0.9994548428130111,1.0,3,0.0002769827347428677,0.0005416140097490522,51.6448158064814,0.42616871326131783,0.995,0.96,0.008
9,48,0.5109408180223433,0.48905918197765674,5503,5297,31,0.9994548428130111,1.0,3,0.0002769827347428677,0.0005421033610408384,51.67943864832426,0.42578401501861934,0.995,0.96,0.008
9,49,0.5104791801311052,0.48952081986889484,5503,5302,26,0.9994548428130111,1.0,3,0.0002769827347428677,0.0005425935973955507,51.71406149016711,0.42539931677592097,0.995,0.96,0.008
9,50,0.5101098698181147,0.4898901301818853,5503,5306,22,0.9994548428130111,1.0,3,0.0002769827347428677,0.0005429864253393666,51.7417597636414,0.42509155818176225,0.995,0.96,0.008
9,51,0.5099252146616194,0.49007478533838056,5503,5308,20,0.9994548428130111,1.0,3,0.0002769827347428677,0.0005431830526887561,51.75560890037854,0.42493767888468287,0.995,0.96,0.008
9,52,0.5094635767703813,0.4905364232296187,5503,5313,15,0.9994548428130111,1.0,3,0.0002769827347428677,0.0005436752446538601,51.7902317422214,0.42455298064198443,0.995,0.96,0.008
9,53,0.5091865940356385,0.49081340596436157,5503,5316,12,0.9994548428130111,1.0,3,0.0002769827347428677,0.0005439709882139619,51.81100544732712,0.42432216169636533,0.995,0.96,0.008
9,54,0.5090942664573909,0.4909057335426092,5503,5317,11,0.9994548428130111,1.0,3,0.0002769827347428677,0.000544069640914037,51.81793001569569,0.4242452220478257,0.995,0.96,0.008
9,55,0.5090019388791432,0.4909980611208568,5503,5318,10,0.9994548428130111,1.0,3,0.0002769827347428677,0.0005441683294032287,51.82485458406426,0.424168282399286,0.995,0.96,0.008
9,56,0.5089096113008956,0.49109038869910443,5503,5319,9,0.9994548428130111,1.0,3,0.0002769827347428677,0.0005442670537010159,51.83177915243283,0.42409134275074634,0.995,0.96,0.008
9,57,0.5086326285661527,0.4913673714338473,5503,5322,6,0.9994548428130111,1.0,3,0.0002769827347428677,0.0005445634416409512,51.85255285753855,0.42386052380512723,0.995,0.96,0.008
9,58,0.5084479734096574,0.49155202659034253,5503,5324,4,0.9994548428130111,1.0,3,0.0002769827347428677,0.0005447612130016343,51.86640199427569,0.4237066445080479,0.995,0.96,0.008
9,59,0.5083556458314098,0.49164435416859015,5503,5325,3,0.9994548428130111,1.0,3,0.0002769827347428677,0.0005448601525608427,51.87332656264426,0.42362970485950824,0.995,0.96,0.008
9,60,0.5083556458314098,0.49164435416859015,5503,5325,3,0.9994548428130111,1.0,3,0.0002769827347428677,0.0005448601525608427,51.87332656264426,0.42362970485950824,0.995,0.96,0.008
7,28,0.5079863355184193,0.4920136644815806,4565,5329,937,1.0,0.9935965848452508,6,0.0005539654694857353,0.0010905125408942203,51.90102483611855,0.4233219462653494,0.995,0.96,0.008
8,34,0.5072477148924384,0.49275228510756164,5070,5337,424,0.9996055226824457,1.0,2,0.00018465515649524513,0.00036403349108117945,51.95642138306712,0.422706429077032,0.995,0.96,0.008
8,35,0.5015234050410857,0.4984765949589142,5070,5399,362,0.9996055226824457,1.0,2,0.00018465515649524513,0.0003681885125184094,52.38574462191857,0.41793617086757145,0.995,0.96,0.008
7,29,0.49921521558489523,0.5007847844151048,4565,5424,842,1.0,0.994061757719715,5,0.0004616378912381128,0.0009247272054743851,52.55885883113286,0.41601267965407934,0.995,0.96,0.008
6,25,0.49921521558489523,0.5007847844151048,4097,5424,1310,1.0,0.9786259541984733,28,0.002585172190933432,0.005178472350656557,52.55885883113286,0.41601267965407934,0.995,0.96,0.008
8,36,0.497553319176438,0.502446680823562,5070,5442,319,0.9996055226824457,1.0,2,0.00018465515649524513,0.00037112636852848393,52.68350106176715,0.414627765980365,0.995,0.96,0.008
8,37,0.49284461268580926,0.5071553873141907,5070,5493,268,0.9996055226824457,1.0,2,0.00018465515649524513,0.0003746721618583739,53.03665404856431,0.410703843904841,0.995,0.96,0.008
7,30,0.4898901301818853,0.5101098698181147,4565,5525,741,1.0,0.9973009446693657,2,0.00018465515649524513,0.0003769317753486619,53.2582402363586,0.40824177515157106,0.995,0.96,0.008
8,38,0.4894284922906472,0.5105715077093528,5070,5530,231,0.9996055226824457,1.0,2,0.00018465515649524513,0.0003772873042822109,53.29286307820146,0.4078570769088727,0.995,0.96,0.008
6,26,0.48795125103868525,0.5120487489613147,4097,5546,1188,1.0,0.9865319865319865,16,0.001477241251961961,0.0030274361400189215,53.40365617209861,0.4066260425322377,0.995,0.96,0.008
8,39,0.4852737512695042,0.5147262487304958,5070,5575,186,0.9996055226824457,1.0,2,0.00018465515649524513,0.000380517503805175,53.60446865478718,0.40439479272458684,0.995,0.96,0.008
8,40,0.4827809066568184,0.5172190933431816,5070,5602,159,0.9996055226824457,1.0,2,0.00018465515649524513,0.00038248231019315357,53.791432000738624,0.4023174222140153,0.995,0.96,0.008
8,41,0.48047271720062784,0.5195272827993722,5070,5627,134,0.9996055226824457,1.0,2,0.00018465515649524513,0.0003843197540353574,53.964546209952914,0.4003939310005232,0.995,0.96,0.008
7,31,0.47927245868340873,0.5207275413165913,4565,5640,626,1.0,0.9984025559105432,1,9.232757824762257e-05,0.00019264110961279138,54.05456559874435,0.39939371556950726,0.995,0.96,0.008
8,42,0.478718493213923,0.521281506786077,5070,5646,115,0.9996055226824457,1.0,2,0.00018465515649524513,0.0003857280617164899,54.096113008955776,0.39893207767826916,0.995,0.96,0.008
8,43,0.4770565968054658,0.5229434031945343,5070,5664,97,0.9996055226824457,1.0,2,0.00018465515649524513,0.0003870718018192375,54.22075523959006,0.39754716400455486,0.995,0.96,0.008
6,27,0.4757640107099991,0.5242359892900009,4097,5678,1056,1.0,0.990530303030303,10,0.0009232757824762256,0.0019406171162429653,54.31769919675007,0.39647000892499923,0.995,0.96,0.008
8,44,0.4754870279752562,0.5245129720247438,5070,5681,80,0.9996055226824457,1.0,2,0.00018465515649524513,0.0003883495145631068,54.33847290185579,0.3962391899793801,0.995,0.96,0.008
8,45,0.473825131566799,0.526174868433201,5070,5699,62,0.9996055226824457,1.0,2,0.00018465515649524513,0.0003897116134060795,54.463115132490074,0.39485427630566583,0.995,0.96,0.008
8,46,0.47244021789308466,0.5275597821069153,5070,5714,47,0.9996055226824457,1.0,2,0.00018465515649524513,0.00039085401602501464,54.56698365801865,0.3937001815775706,0.995,0.96,0.008
7,32,0.47234789031483704,0.527652109685163,4565,5715,551,1.0,0.9981851179673321,1,9.232757824762257e-05,0.00019546520719311962,54.573908226387225,0.3936232419290308,0.995,0.96,0.008
8,47,0.47142461453236084,0.5285753854676392,5070,5725,36,0.9996055226824457,1.0,2,0.00018465515649524513,0.0003916960438699569,54.64315391007294,0.392853845443634,0.995,0.96,0.008
8,48,0.4709629766411227,0.5290370233588773,5070,5730,31,0.9996055226824457,1.0,2,0.00018465515649524513,0.00039207998431680063,54.6777767519158,0.39246914720093556,0.995,0.96,0.008
8,49,0.4705013387498846,0.5294986612501154,5070,5735,26,0.9996055226824457,1.0,2,0.00018465515649524513,0.0003924646781789639,54.712399593758654,0.3920844489582372,0.995,0.96,0.008
8,50,0.4701320284368941,0.5298679715631059,5070,5739,22,0.9996055226824457,1.0,2,0.00018465515649524513,0.00039277297721916735,54.74009786723294,0.3917766903640784,0.995,0.96,0.008
8,51,0.4699473732803989,0.5300526267196012,5070,5741,20,0.9996055226824457,1.0,2,0.00018465515649524513,0.0003929273084479371,54.75394700397008,0.3916228110669991,0.995,0.96,0.008
8,52,0.4694857353891607,0.5305142646108393,5070,5746,15,0.9996055226824457,1.0,2,0.00018465515649524513,0.00039331366764995085,54.788569845812944,0.3912381128243006,0.995,0.96,0.008
8,53,0.46920875265441786,0.5307912473455821,5070,5749,12,0.9996055226824457,1.0,2,0.00018465515649524513,0.0003935458480913026,54.80934355091866,0.39100729387868155,0.995,0.96,0.008
8,54,0.46911642507617024,0.5308835749238298,5070,5750,11,0.9996055226824457,1.0,2,0.00018465515649524513,0.000393623302499508,54.81626811928723,0.3909303542301419,0.995,0.96,0.008
8,55,0.4690240974979226,0.5309759025020774,5070,5751,10,0.9996055226824457,1.0,2,0.00018465515649524513,0.0003937007874015748,54.823192687655805,0.39085341458160217,0.995,0.96,0.008
8,56,0.468931769919675,0.531068230080325,5070,5752,9,0.9996055226824457,1.0,2,0.00018465515649524513,0.00039377830281551486,54.83011725602437,0.3907764749330625,0.995,0.96,0.008
8,57,0.46865478718493214,0.5313452128150679,5070,5755,6,0.9996055226824457,1.0,2,0.00018465515649524513,0.0003940110323089047,54.85089096113009,0.39054565598744345,0.995,0.96,0.008
8,58,0.4684701320284369,0.5315298679715631,5070,5757,4,0.9996055226824457,1.0,2,0.00018465515649524513,0.00039416633819471815,54.864740097867234,0.39039177669036407,0.995,0.96,0.008
8,59,0.4683778044501893,0.5316221955498107,5070,5758,3,0.9996055226824457,1.0,2,0.00018465515649524513,0.0003942440370589395,54.8716646662358,0.3903148370418244,0.995,0.96,0.008
8,60,0.4683778044501893,0.5316221955498107,5070,5758,3,0.9996055226824457,1.0,2,0.00018465515649524513,0.0003942440370589395,54.8716646662358,0.3903148370418244,0.995,0.96,0.008
7,33,0.46597728741575106,0.5340227125842489,4565,5784,482,1.0,1.0,0,0.0,0.0,55.05170344381867,0.38831440617979257,0.995,0.96,0.008
6,28,0.464777028898532,0.535222971101468,4097,5797,937,1.0,0.9935965848452508,6,0.0005539654694857353,0.0011918951132300357,55.1417228326101,0.38731419074877665,0.995,0.96,0.008
5,24,0.4646847013202844,0.5353152986797156,3556,5798,1477,1.0,0.962762356127285,55,0.005078016803619241,0.010927876018279357,55.148647400978675,0.38723725110023693,0.995,0.96,0.008
7,34,0.46062228787738896,0.539377712122611,4565,5842,424,1.0,1.0,0,0.0,0.0,55.45332840919583,0.3838519065644908,0.995,0.96,0.008
6,29,0.45600590896500787,0.5439940910349922,4097,5892,842,1.0,0.994061757719715,5,0.0004616378912381128,0.0010123506782749544,55.799556827624414,0.38000492413750653,0.995,0.96,0.008
7,35,0.4548979780260364,0.5451020219739636,4565,5904,362,1.0,1.0,0,0.0,0.0,55.88265164804727,0.37908164835503033,0.995,0.96,0.008
7,36,0.4509278921613886,0.5490721078386114,4565,5947,319,1.0,1.0,0,0.0,0.0,56.180408087895856,0.3757732434678238,0.995,0.96,0.008
5,25,0.4492659957529314,0.5507340042470686,3556,5965,1310,1.0,0.9786259541984733,28,0.002585172190933432,0.005754212905877518,56.30505031853014,0.3743883297941095,0.995,0.96,0.008
6,30,0.44668082356199795,0.553319176438002,4097,5993,741,1.0,0.9973009446693657,2,0.00018465515649524513,0.00041339396444811904,56.49893823285015,0.3722340196349983,0.995,0.96,0.008
7,37,0.44621918567075985,0.5537808143292401,4565,5998,268,1.0,1.0,0,0.0,0.0,56.53356107469301,0.37184932139229987,0.995,0.96,0.008
7,38,0.4428030652755978,0.5571969347244021,4565,6035,231,1.0,1.0,0,0.0,0.0,56.78977010433017,0.3690025543963315,0.995,0.96,0.008
7,39,0.4386483242544548,0.5613516757455452,4565,6080,186,1.0,1.0,0,0.0,0.0,57.101375680915886,0.3655402702120457,0.995,0.96,0.008
5,26,0.43800203120672143,0.5619979687932786,3556,6087,1188,1.0,0.9865319865319865,16,0.001477241251961961,0.003372681281618887,57.14984765949589,0.3650016926722679,0.995,0.96,0.008
7,40,0.436155479641769,0.563844520358231,4565,6107,159,1.0,1.0,0,0.0,0.0,57.28833902686733,0.36346289970147416,0.995,0.96,0.008
6,31,0.43606315206352136,0.5639368479364786,4097,6108,626,1.0,0.9984025559105432,1,9.232757824762257e-05,0.00021172983273343214,57.295263595235895,0.3633859600529345,0.995,0.96,0.008
7,41,0.43384729018557844,0.5661527098144216,4565,6132,134,1.0,1.0,0,0.0,0.0,57.46145323608162,0.36153940848798205,0.995,0.96,0.008
7,42,0.4320930661988736,0.5679069338011264,4565,6151,115,1.0,1.0,0,0.0,0.0,57.59302003508448,0.36007755516572804,0.995,0.96,0.008
7,43,0.4304311697904164,0.5695688302095836,4565,6169,97,1.0,1.0,0,0.0,0.0,57.71766226571877,0.35869264149201363,0.995,0.96,0.008
6,32,0.42913858369494967,0.5708614163050503,4097,6183,551,1.0,0.9981851179673321,1,9.232757824762257e-05,0.0002151462994836489,57.81460622287877,0.3576154864124581,0.995,0.96,0.008
7,44,0.4288616009602068,0.5711383990397931,4565,6186,80,1.0,1.0,0,0.0,0.0,57.83537992798449,0.357384667466839,0.995,0.96,0.008
7,45,0.4271997045517496,0.5728002954482504,4565,6204,62,1.0,1.0,0,0.0,0.0,57.96002215861878,0.3559997537931247,0.995,0.96,0.008
7,46,0.42581479087803525,0.5741852091219647,4565,6219,47,1.0,1.0,0,0.0,0.0,58.06389068414735,0.3548456590650294,0.995,0.96,0.008
5,27,0.42581479087803525,0.5741852091219647,3556,6219,1056,1.0,0.990530303030303,10,0.0009232757824762256,0.002168256721595837,58.06389068414735,0.3548456590650294,0.995,0.96,0.008
7,47,0.42479918751731144,0.5752008124826886,4565,6230,36,1.0,1.0,0,0.0,0.0,58.14006093620164,0.3539993229310929,0.995,0.96,0.008
7,48,0.4243375496260733,0.5756624503739267,4565,6235,31,1.0,1.0,0,0.0,0.0,58.1746837780445,0.3536146246883944,0.995,0.96,0.008
7,49,0.4238759117348352,0.5761240882651648,4565,6240,26,1.0,1.0,0,0.0,0.0,58.20930661988736,0.353229926445696,0.995,0.96,0.008
7,50,0.4235066014218447,0.5764933985781553,4565,6244,22,1.0,1.0,0,0.0,0.0,58.23700489336165,0.35292216785153724,0.995,0.96,0.008
7,51,0.42332194626534947,0.5766780537346505,4565,6246,20,1.0,1.0,0,0.0,0.0,58.25085403009879,0.35276828855445785,0.995,0.96,0.008
7,52,0.42286030837411137,0.5771396916258886,4565,6251,15,1.0,1.0,0,0.0,0.0,58.28547687194165,0.3523835903117595,0.995,0.96,0.008
6,33,0.42276798079586375,0.5772320192041362,4097,6252,482,1.0,1.0,0,0.0,0.0,58.29240144031022,0.35230665066321976,0.995,0.96,0.008
7,53,0.42258332563936846,0.5774166743606315,4565,6254,12,1.0,1.0,0,0.0,0.0,58.306250577047365,0.35215277136614037,0.995,0.96,0.008
7,54,0.42249099806112084,0.5775090019388791,4565,6255,11,1.0,1.0,0,0.0,0.0,58.31317514541593,0.35207583171760076,0.995,0.96,0.008
7,55,0.4223986704828732,0.5776013295171267,4565,6256,10,1.0,1.0,0,0.0,0.0,58.32009971378451,0.35199889206906104,0.995,0.96,0.008
7,56,0.4223063429046256,0.5776936570953743,4565,6257,9,1.0,1.0,0,0.0,0.0,58.327024282153076,0.3519219524205214,0.995,0.96,0.008
7,57,0.42202936016988274,0.5779706398301172,4565,6260,6,1.0,1.0,0,0.0,0.0,58.347797987258794,0.3516911334749023,0.995,0.96,0.008
7,58,0.4218447050133875,0.5781552949866126,4565,6262,4,1.0,1.0,0,0.0,0.0,58.36164712399594,0.35153725417782294,0.995,0.96,0.008
7,59,0.4217523774351399,0.5782476225648602,4565,6263,3,1.0,1.0,0,0.0,0.0,58.36857169236451,0.3514603145292832,0.995,0.96,0.008
7,60,0.4217523774351399,0.5782476225648602,4565,6263,3,1.0,1.0,0,0.0,0.0,58.36857169236451,0.3514603145292832,0.995,0.96,0.008
6,34,0.4174129812575016,0.5825870187424984,4097,6310,424,1.0,1.0,0,0.0,0.0,58.69402640568738,0.347844151047918,0.995,0.96,0.008
5,28,0.4148278090665682,0.5851721909334319,3556,6338,937,1.0,0.9935965848452508,6,0.0005539654694857353,0.0013354106387714222,58.88791432000738,0.34568984088880683,0.995,0.96,0.008
4,24,0.41344289539285384,0.5865571046071462,3001,6353,1477,1.0,0.962762356127285,55,0.005078016803619241,0.012282268870031265,58.99178284553596,0.3445357461607116,0.995,0.96,0.008
6,35,0.411688671406149,0.5883113285938509,4097,6372,362,1.0,1.0,0,0.0,0.0,59.12334964453883,0.34307389283845746,0.995,0.96,0.008
6,36,0.40771858554150125,0.5922814144584988,4097,6415,319,1.0,1.0,0,0.0,0.0,59.421106084387404,0.33976548795125106,0.995,0.96,0.008
5,29,0.40605668913304405,0.593943310866956,3556,6433,842,1.0,0.994061757719715,5,0.0004616378912381128,0.001136880400181901,59.5457483150217,0.3383805742775367,0.995,0.96,0.008
6,37,0.4030098790508725,0.5969901209491275,4097,6466,268,1.0,1.0,0,0.0,0.0,59.77425907118456,0.3358415658757271,0.995,0.96,0.008
6,38,0.39959375865571045,0.6004062413442895,4097,6503,231,1.0,1.0,0,0.0,0.0,60.030468100821714,0.33299479887975875,0.995,0.96,0.008
4,25,0.39802418982550086,0.6019758101744991,3001,6520,1310,1.0,0.9786259541984733,28,0.002585172190933432,0.006495012758060774,60.14818576308743,0.33168682485458406,0.995,0.96,0.008
5,30,0.3967316037300342,0.6032683962699659,3556,6534,741,1.0,0.9973009446693657,2,0.00018465515649524513,0.00046544100535257155,60.24512972024744,0.3306096697750284,0.995,0.96,0.008
6,39,0.39543901763456746,0.6045609823654325,4097,6548,186,1.0,1.0,0,0.0,0.0,60.34207367740744,0.3295325146954729,0.995,0.96,0.008
6,40,0.3929461730218816,0.6070538269781184,4097,6575,159,1.0,1.0,0,0.0,0.0,60.529037023358875,0.3274551441849014,0.995,0.96,0.008
6,41,0.39063798356569107,0.6093620164343089,4097,6600,134,1.0,1.0,0,0.0,0.0,60.70215123257317,0.3255316529714092,0.995,0.96,0.008
6,42,0.38888375957898624,0.6111162404210138,4097,6619,115,1.0,1.0,0,0.0,0.0,60.83371803157603,0.32406979964915517,0.995,0.96,0.008
6,43,0.38722186317052903,0.6127781368294709,4097,6637,97,1.0,1.0,0,0.0,0.0,60.95836026221032,0.32268488597544087,0.995,0.96,0.008
4,26,0.38676022527929094,0.6132397747207091,3001,6642,1188,1.0,0.9865319865319865,16,0.001477241251961961,0.0038195273334924802,60.99298310405318,0.32230018773274244,0.995,0.96,0.008
5,31,0.38611393223155754,0.6138860677684425,3556,6649,626,1.0,0.9984025559105432,1,9.232757824762257e-05,0.00023912003825920613,61.041455082633185,0.3217616101929646,0.995,0.96,0.008
6,44,0.38565229434031945,0.6143477056596806,4097,6654,80,1.0,1.0,0,0.0,0.0,61.07607792447604,0.32137691195026624,0.995,0.96,0.008
6,45,0.38399039793186224,0.6160096020681377,4097,6672,62,1.0,1.0,0,0.0,0.0,61.20072015511033,0.3199919982765519,0.995,0.96,0.008
6,46,0.3826054842581479,0.6173945157418521,4097,6687,47,1.0,1.0,0,0.0,0.0,61.30458868063891,0.3188379035484566,0.995,0.96,0.008
6,47,0.38158988089742407,0.6184101191025759,4097,6698,36,1.0,1.0,0,0.0,0.0,61.3807589326932,0.31799156741452,0.995,0.96,0.008
6,48,0.381128243006186,0.618871756993814,4097,6703,31,1.0,1.0,0,0.0,0.0,61.41538177453605,0.3176068691718216,0.995,0.96,0.008
6,49,0.3806666051149478,0.6193333948850521,4097,6708,26,1.0,1.0,0,0.0,0.0,61.45000461637891,0.3172221709291232,0.995,0.96,0.008
6,50,0.38029729480195734,0.6197027051980426,4097,6712,22,1.0,1.0,0,0.0,0.0,61.4777028898532,0.3169144123349645,0.995,0.96,0.008
6,51,0.3801126396454621,0.619887360354538,4097,6714,20,1.0,1.0,0,0.0,0.0,61.49155202659034,0.3167605330378851,0.995,0.96,0.008
6,52,0.379651001754224,0.620348998245776,4097,6719,15,1.0,1.0,0,0.0,0.0,61.5261748684332,0.31637583479518666,0.995,0.96,0.008
6,53,0.37937401901948115,0.6206259809805189,4097,6722,12,1.0,1.0,0,0.0,0.0,61.54694857353891,0.3161450158495676,0.995,0.96,0.008
6,54,0.37928169144123347,0.6207183085587665,4097,6723,11,1.0,1.0,0,0.0,0.0,61.55387314190749,0.3160680762010279,0.995,0.96,0.008
6,55,0.37918936386298585,0.6208106361370141,4097,6724,10,1.0,1.0,0,0.0,0.0,61.56079771027606,0.31599113655248817,0.995,0.96,0.008
5,32,0.37918936386298585,0.6208106361370141,3556,6724,551,1.0,0.9981851179673321,1,9.232757824762257e-05,0.00024348672997321646,61.56079771027606,0.31599113655248817,0.995,0.96,0.008
6,56,0.37909703628473823,0.6209029637152618,4097,6725,9,1.0,1.0,0,0.0,0.0,61.56772227864463,0.31591419690394856,0.995,0.96,0.008
6,57,0.3788200535499954,0.6211799464500046,4097,6728,6,1.0,1.0,0,0.0,0.0,61.58849598375035,0.31568337795832946,0.995,0.96,0.008
6,58,0.37863539839350013,0.6213646016064999,4097,6730,4,1.0,1.0,0,0.0,0.0,61.60234512048749,0.3155294986612501,0.995,0.96,0.008
6,59,0.3785430708152525,0.6214569291847475,4097,6731,3,1.0,1.0,0,0.0,0.0,61.60926968885606,0.31545255901271047,0.995,0.96,0.008
6,60,0.3785430708152525,0.6214569291847475,4097,6731,3,1.0,1.0,0,0.0,0.0,61.60926968885606,0.31545255901271047,0.995,0.96,0.008
4,27,0.37457298495060476,0.6254270150493952,3001,6774,1056,1.0,0.990530303030303,10,0.0009232757824762256,0.002464875523786049,61.90702612870464,0.31214415412550395,0.995,0.96,0.008
5,33,0.37281876096389993,0.6271812390361001,3556,6793,482,1.0,1.0,0,0.0,0.0,62.038592927707505,0.31068230080324993,0.995,0.96,0.008
5,34,0.3674637614255378,0.6325362385744622,3556,6851,424,1.0,1.0,0,0.0,0.0,62.440217893084665,0.30621980118794817,0.995,0.96,0.008
4,28,0.36358600313913764,0.6364139968608623,3001,6893,937,1.0,0.9935965848452508,6,0.0005539654694857353,0.0015236160487557136,62.73104976456467,0.30298833594928143,0.995,0.96,0.008
5,35,0.3617394515741852,0.6382605484258148,3556,6913,362,1.0,1.0,0,0.0,0.0,62.86954113193611,0.3014495429784877,0.995,0.96,0.008
5,36,0.35776936570953743,0.6422306342904626,3556,6956,319,1.0,1.0,0,0.0,0.0,63.167297571784694,0.2981411380912812,0.995,0.96,0.008
3,24,0.35740005539654696,0.642599944603453,2394,6960,1477,1.0,0.962762356127285,55,0.005078016803619241,0.014208214931542238,63.19499584525898,0.29783337949712246,0.995,0.96,0.008
4,29,0.3548148832056135,0.6451851167943865,3001,6988,842,1.0,0.994061757719715,5,0.0004616378912381128,0.0013010668748373666,63.38888375957899,0.29567906933801125,0.995,0.96,0.008
5,37,0.35306065921890867,0.6469393407810913,3556,7007,268,1.0,1.0,0,0.0,0.0,63.52045055858185,0.29421721601575723,0.995,0.96,0.008
5,38,0.34964453882374663,0.6503554611762533,3556,7044,231,1.0,1.0,0,0.0,0.0,63.776659588219,0.2913704490197889,0.995,0.96,0.008
5,39,0.34548979780260364,0.6545102021973963,3556,7089,186,1.0,1.0,0,0.0,0.0,64.08826516480472,0.2879081648355031,0.995,0.96,0.008
4,30,0.34548979780260364,0.6545102021973963,3001,7089,741,1.0,0.9973009446693657,2,0.00018465515649524513,0.0005344735435595938,64.08826516480472,0.2879081648355031,0.995,0.96,0.008
5,40,0.34299695318991785,0.6570030468100821,3556,7116,159,1.0,1.0,0,0.0,0.0,64.27522851075616,0.2858307943249315,0.995,0.96,0.008
3,25,0.341981349829194,0.6580186501708061,2394,7127,1310,1.0,0.9786259541984733,28,0.002585172190933432,0.00755939524838013,64.35139876281045,0.28498445819099505,0.995,0.96,0.008
5,41,0.34068876373372725,0.6593112362662727,3556,7141,134,1.0,1.0,0,0.0,0.0,64.44834271997046,0.2839073031114394,0.995,0.96,0.008
5,42,0.3389345397470224,0.6610654602529775,3556,7160,115,1.0,1.0,0,0.0,0.0,64.57990951897332,0.2824454497891853,0.995,0.96,0.008
5,43,0.3372726433385652,0.6627273566614348,3556,7178,97,1.0,1.0,0,0.0,0.0,64.7045517496076,0.2810605361154711,0.995,0.96,0.008
5,44,0.3357030745083556,0.6642969254916443,3556,7195,80,1.0,1.0,0,0.0,0.0,64.82226941187332,0.2797525620902964,0.995,0.96,0.008
4,31,0.33487212630412705,0.665127873695873,3001,7204,626,1.0,0.9984025559105432,1,9.232757824762257e-05,0.00027570995312930797,64.88459052719047,0.2790601052534392,0.995,0.96,0.008
5,45,0.3340411780998984,0.6659588219001016,3556,7213,62,1.0,1.0,0,0.0,0.0,64.94691164250762,0.27836764841658207,0.995,0.96,0.008
5,46,0.3326562644261841,0.6673437355738159,3556,7228,47,1.0,1.0,0,0.0,0.0,65.0507801680362,0.2772135536884867,0.995,0.96,0.008
5,47,0.33164066106546025,0.6683593389345397,3556,7239,36,1.0,1.0,0,0.0,0.0,65.12695042009048,0.27636721755455024,0.995,0.96,0.008
5,48,0.33117902317422215,0.6688209768257779,3556,7244,31,1.0,1.0,0,0.0,0.0,65.16157326193334,0.27598251931185175,0.995,0.96,0.008
5,49,0.330717385282984,0.669282614717016,3556,7249,26,1.0,1.0,0,0.0,0.0,65.1961961037762,0.2755978210691533,0.995,0.96,0.008
3,26,0.330717385282984,0.669282614717016,2394,7249,1188,1.0,0.9865319865319865,16,0.001477241251961961,0.00446677833612507,65.1961961037762,0.2755978210691533,0.995,0.96,0.008
5,50,0.3303480749699935,0.6696519250300065,3556,7253,22,1.0,1.0,0,0.0,0.0,65.22389437725049,0.2752900624749946,0.995,0.96,0.008
5,51,0.3301634198134983,0.6698365801865017,3556,7255,20,1.0,1.0,0,0.0,0.0,65.23774351398762,0.27513618317791527,0.995,0.96,0.008
5,52,0.3297017819222602,0.6702982180777398,3556,7260,15,1.0,1.0,0,0.0,0.0,65.27236635583048,0.27475148493521684,0.995,0.96,0.008
5,53,0.3294247991875173,0.6705752008124827,3556,7263,12,1.0,1.0,0,0.0,0.0,65.2931400609362,0.27452066598959785,0.995,0.96,0.008
5,54,0.3293324716092697,0.6706675283907303,3556,7264,11,1.0,1.0,0,0.0,0.0,65.30006462930477,0.2744437263410581,0.995,0.96,0.008
5,55,0.3292401440310221,0.6707598559689779,3556,7265,10,1.0,1.0,0,0.0,0.0,65.30698919767335,0.2743667866925184,0.995,0.96,0.008
5,56,0.32914781645277447,0.6708521835472255,3556,7266,9,1.0,1.0,0,0.0,0.0,65.31391376604192,0.27428984704397863,0.995,0.96,0.008
5,57,0.32887083371803155,0.6711291662819684,3556,7269,6,1.0,1.0,0,0.0,0.0,65.33468747114763,0.27405902809835964,0.995,0.96,0.008
5,58,0.3286861785615363,0.6713138214384636,3556,7271,4,1.0,1.0,0,0.0,0.0,65.34853660788478,0.2739051488012802,0.995,0.96,0.008
5,59,0.3285938509832887,0.6714061490167113,3556,7272,3,1.0,1.0,0,0.0,0.0,65.35546117625334,0.27382820915274064,0.995,0.96,0.008
5,60,0.3285938509832887,0.6714061490167113,3556,7272,3,1.0,1.0,0,0.0,0.0,65.35546117625334,0.27382820915274064,0.995,0.96,0.008
4,32,0.32794755793555536,0.6720524420644447,3001,7279,551,1.0,0.9981851179673321,1,9.232757824762257e-05,0.00028153153153153153,65.40393315483335,0.2732896316129627,0.995,0.96,0.008
4,33,0.3215769550364694,0.6784230449635306,3001,7348,482,1.0,1.0,0,0.0,0.0,65.88172837226479,0.2679807958637246,0.995,0.96,0.008
3,27,0.3185301449542978,0.6814698550457021,2394,7381,1056,1.0,0.990530303030303,10,0.0009232757824762256,0.002898550724637681,66.11023912842766,0.2654417874619148,0.995,0.96,0.008
4,34,0.3162219554981073,0.6837780445018927,3001,7406,424,1.0,1.0,0,0.0,0.0,66.28335333764196,0.2635182962484227,0.995,0.96,0.008
4,35,0.3104976456467547,0.6895023543532454,3001,7468,362,1.0,1.0,0,0.0,0.0,66.7126765764934,0.2587480380389623,0.995,0.96,0.008
3,28,0.30754316314283076,0.6924568368571692,2394,7500,937,1.0,0.9935965848452508,6,0.0005539654694857353,0.0018012608826178324,66.9342627642877,0.2562859692856923,0.995,0.96,0.008
4,36,0.30652755978210694,0.6934724402178931,3001,7511,319,1.0,1.0,0,0.0,0.0,67.01043301634198,0.25543963315175583,0.995,0.96,0.008
2,24,0.30468100821715444,0.6953189917828455,1823,7531,1477,1.0,0.962762356127285,55,0.005078016803619241,0.016666666666666666,67.14892438371342,0.253900840180962,0.995,0.96,0.008
4,37,0.3018188532914782,0.6981811467085218,3001,7562,268,1.0,1.0,0,0.0,0.0,67.36358600313913,0.25151571107623183,0.995,0.96,0.008
3,29,0.2987720432093066,0.7012279567906934,2394,7595,842,1.0,0.994061757719715,5,0.0004616378912381128,0.0015451174289245982,67.59209675930201,0.24897670267442212,0.995,0.96,0.008
4,38,0.29840273289631614,0.7015972671036839,3001,7599,231,1.0,1.0,0,0.0,0.0,67.6197950327763,0.24866894408026338,0.995,0.96,0.008
4,39,0.2942479918751731,0.7057520081248269,3001,7644,186,1.0,1.0,0,0.0,0.0,67.93140060936202,0.24520665989597762,0.995,0.96,0.008
4,40,0.2917551472624873,0.7082448527375127,3001,7671,159,1.0,1.0,0,0.0,0.0,68.11836395531346,0.24312928938540604,0.995,0.96,0.008
4,41,0.28944695780629676,0.7105530421937033,3001,7696,134,1.0,1.0,0,0.0,0.0,68.29147816452775,0.24120579817191393,0.995,0.96,0.008
3,30,0.28944695780629676,0.7105530421937033,2394,7696,741,1.0,0.9973009446693657,2,0.00018465515649524513,0.0006379585326953748,68.29147816452775,0.24120579817191393,0.995,0.96,0.008
2,25,0.2892623026498015,0.7107376973501985,1823,7698,1310,1.0,0.9786259541984733,28,0.002585172190933432,0.00893712097031599,68.30532730126488,0.24105191887483465,0.995,0.96,0.008
4,42,0.28769273381959193,0.7123072661804081,3001,7715,115,1.0,1.0,0,0.0,0.0,68.4230449635306,0.23974394484966,0.995,0.96,0.008
4,43,0.2860308374111347,0.7139691625888653,3001,7733,97,1.0,1.0,0,0.0,0.0,68.5476871941649,0.23835903117594562,0.995,0.96,0.008
4,44,0.28446126858092513,0.7155387314190749,3001,7750,80,1.0,1.0,0,0.0,0.0,68.66540485643061,0.23705105715077096,0.995,0.96,0.008
4,45,0.2827993721724679,0.7172006278275321,3001,7768,62,1.0,1.0,0,0.0,0.0,68.7900470870649,0.2356661434770566,0.995,0.96,0.008
4,46,0.2814144584987536,0.7185855415012464,3001,7783,47,1.0,1.0,0,0.0,0.0,68.89391561259349,0.23451204874896123,0.995,0.96,0.008
4,47,0.28039885513802976,0.7196011448619702,3001,7794,36,1.0,1.0,0,0.0,0.0,68.97008586464777,0.23366571261502475,0.995,0.96,0.008
4,48,0.2799372172467916,0.7200627827532083,3001,7799,31,1.0,1.0,0,0.0,0.0,69.00470870649063,0.23328101437232632,0.995,0.96,0.008
4,49,0.2794755793555535,0.7205244206444466,3001,7804,26,1.0,1.0,0,0.0,0.0,69.0393315483335,0.23289631612962786,0.995,0.96,0.008
4,50,0.279106269042563,0.720893730957437,3001,7808,22,1.0,1.0,0,0.0,0.0,69.06702982180778,0.23258855753546911,0.995,0.96,0.008
4,51,0.2789216138860678,0.7210783861139323,3001,7810,20,1.0,1.0,0,0.0,0.0,69.08087895854491,0.23243467823838984,0.995,0.96,0.008
3,31,0.27882928630782017,0.7211707136921799,2394,7811,626,1.0,0.9984025559105432,1,9.232757824762257e-05,0.00033112582781456954,69.08780352691349,0.23235773858985012,0.995,0.96,0.008
4,52,0.27845997599482963,0.7215400240051704,3001,7815,15,1.0,1.0,0,0.0,0.0,69.11550180038778,0.23204997999569138,0.995,0.96,0.008
4,53,0.2781829932600868,0.7218170067399132,3001,7818,12,1.0,1.0,0,0.0,0.0,69.13627550549349,0.23181916105007236,0.995,0.96,0.008
4,54,0.27809066568183916,0.7219093343181608,3001,7819,11,1.0,1.0,0,0.0,0.0,69.14320007386206,0.23174222140153264,0.995,0.96,0.008
4,55,0.27799833810359154,0.7220016618964085,3001,7820,10,1.0,1.0,0,0.0,0.0,69.15012464223064,0.23166528175299292,0.995,0.96,0.008
2,26,0.27799833810359154,0.7220016618964085,1823,7820,1188,1.0,0.9865319865319865,16,0.001477241251961961,0.005313849219528396,69.15012464223064,0.23166528175299292,0.995,0.96,0.008
4,56,0.2779060105253439,0.7220939894746561,3001,7821,9,1.0,1.0,0,0.0,0.0,69.15704921059921,0.2315883421044532,0.995,0.96,0.008
4,57,0.27762902779060106,0.7223709722093989,3001,7824,6,1.0,1.0,0,0.0,0.0,69.17782291570492,0.2313575231588342,0.995,0.96,0.008
4,58,0.2774443726341058,0.7225556273658942,3001,7826,4,1.0,1.0,0,0.0,0.0,69.19167205244206,0.2312036438617549,0.995,0.96,0.008
4,59,0.2773520450558582,0.7226479549441418,3001,7827,3,1.0,1.0,0,0.0,0.0,69.19859662081063,0.23112670421321518,0.995,0.96,0.008
4,60,0.2773520450558582,0.7226479549441418,3001,7827,3,1.0,1.0,0,0.0,0.0,69.19859662081063,0.23112670421321518,0.995,0.96,0.008
3,32,0.2719047179392485,0.7280952820607516,2394,7886,551,1.0,0.9981851179673321,1,9.232757824762257e-05,0.00033955857385398983,69.60714615455636,0.22658726494937376,0.995,0.96,0.008
2,27,0.26581109777490536,0.7341889022250946,1823,7952,1056,1.0,0.990530303030303,10,0.0009232757824762256,0.0034734282737061478,70.0641676668821,0.22150924814575446,0.995,0.96,0.008
3,33,0.2655341150401625,0.7344658849598376,2394,7955,482,1.0,1.0,0,0.0,0.0,70.08494137198781,0.22127842920013543,0.995,0.96,0.008
3,34,0.2601791155018004,0.7398208844981996,2394,8013,424,1.0,1.0,0,0.0,0.0,70.48656633736498,0.2168159295848336,0.995,0.96,0.008
2,28,0.2548241159634383,0.7451758840365618,1823,8071,937,1.0,0.9935965848452508,6,0.0005539654694857353,0.002173913043478261,70.88819130274213,0.2123534299695319,0.995,0.96,0.008
3,35,0.2544548056504478,0.7455451943495522,2394,8075,362,1.0,1.0,0,0.0,0.0,70.91588957621641,0.21204567137537317,0.995,0.96,0.008
3,36,0.2504847197858,0.7495152802142,2394,8118,319,1.0,1.0,0,0.0,0.0,71.213646016065,0.20873726648816668,0.995,0.96,0.008
1,24,0.25030006462930476,0.7496999353706952,1234,8120,1477,1.0,0.962762356127285,55,0.005078016803619241,0.02028771670970122,71.22749515280215,0.20858338719108724,0.995,0.96,0.008
2,29,0.24605299602991412,0.7539470039700858,1823,8166,842,1.0,0.994061757719715,5,0.0004616378912381128,0.001876172607879925,71.54602529775644,0.20504416335826173,0.995,0.96,0.008
3,37,0.24577601329517126,0.7542239867048287,2394,8169,268,1.0,1.0,0,0.0,0.0,71.56679900286215,0.20481334441264273,0.995,0.96,0.008
3,38,0.24235989290000923,0.7576401070999907,2394,8206,231,1.0,1.0,0,0.0,0.0,71.8230080324993,0.20196657741667443,0.995,0.96,0.008
3,39,0.2382051518788662,0.7617948481211337,2394,8251,186,1.0,1.0,0,0.0,0.0,72.13461360908504,0.1985042932323885,0.995,0.96,0.008
2,30,0.23672791062690426,0.7632720893730958,1823,8267,741,1.0,0.9973009446693657,2,0.00018465515649524513,0.00078003120124805,72.24540670298218,0.19727325885575356,0.995,0.96,0.008
3,40,0.23571230726618042,0.7642876927338196,2394,8278,159,1.0,1.0,0,0.0,0.0,72.32157695503646,0.19642692272181708,0.995,0.96,0.008
1,25,0.23488135906195182,0.7651186409380482,1234,8287,1310,1.0,0.9786259541984733,28,0.002585172190933432,0.0110062893081761,72.38389807035361,0.1957344658849599,0.995,0.96,0.008
3,41,0.23340411780998985,0.7665958821900102,2394,8303,134,1.0,1.0,0,0.0,0.0,72.49469116425077,0.1945034315083248,0.995,0.96,0.008
3,42,0.23164989382328502,0.768350106176715,2394,8322,115,1.0,1.0,0,0.0,0.0,72.62625796325362,0.19304157818607087,0.995,0.96,0.008
3,43,0.2299879974148278,0.7700120025851722,2394,8340,97,1.0,1.0,0,0.0,0.0,72.75090019388792,0.1916566645123565,0.995,0.96,0.008
3,44,0.22841842858461822,0.7715815714153818,2394,8357,80,1.0,1.0,0,0.0,0.0,72.86861785615363,0.19034869048718184,0.995,0.96,0.008
3,45,0.226756532176161,0.773243467823839,2394,8375,62,1.0,1.0,0,0.0,0.0,72.99326008678793,0.1889637768134675,0.995,0.96,0.008
2,31,0.22611023912842765,0.7738897608715724,1823,8382,626,1.0,0.9984025559105432,1,9.232757824762257e-05,0.0004083299305839118,73.04173206536792,0.18842519927368973,0.995,0.96,0.008
3,46,0.2253716185024467,0.7746283814975533,2394,8390,47,1.0,1.0,0,0.0,0.0,73.0971286123165,0.18780968208537227,0.995,0.96,0.008
3,47,0.22435601514172282,0.7756439848582771,2394,8401,36,1.0,1.0,0,0.0,0.0,73.17329886437079,0.18696334595143563,0.995,0.96,0.008
3,48,0.22389437725048472,0.7761056227495153,2394,8406,31,1.0,1.0,0,0.0,0.0,73.20792170621364,0.18657864770873733,0.995,0.96,0.008
1,26,0.22361739451574186,0.7763826054842582,1234,8409,1188,1.0,0.9865319865319865,16,0.001477241251961961,0.006606110652353427,73.22869541131936,0.18634782876311817,0.995,0.96,0.008
3,49,0.2234327393592466,0.7765672606407534,2394,8411,26,1.0,1.0,0,0.0,0.0,73.2425445480565,0.1861939494660389,0.995,0.96,0.008
3,50,0.22306342904625612,0.7769365709537439,2394,8415,22,1.0,1.0,0,0.0,0.0,73.27024282153079,0.18588619087188016,0.995,0.96,0.008
3,51,0.22287877388976088,0.7771212261102391,2394,8417,20,1.0,1.0,0,0.0,0.0,73.28409195826794,0.18573231157480072,0.995,0.96,0.008
3,52,0.22241713599852275,0.7775828640014772,2394,8422,15,1.0,1.0,0,0.0,0.0,73.3187148001108,0.18534761333210226,0.995,0.96,0.008
3,53,0.2221401532637799,0.7778598467362201,2394,8425,12,1.0,1.0,0,0.0,0.0,73.33948850521651,0.18511679438648324,0.995,0.96,0.008
3,54,0.22204782568553227,0.7779521743144677,2394,8426,11,1.0,1.0,0,0.0,0.0,73.34641307358508,0.18503985473794352,0.995,0.96,0.008
3,55,0.22195549810728465,0.7780445018927153,2394,8427,10,1.0,1.0,0,0.0,0.0,73.35333764195366,0.1849629150894038,0.995,0.96,0.008
3,56,0.22186317052903703,0.778136829470963,2394,8428,9,1.0,1.0,0,0.0,0.0,73.36026221032222,0.18488597544086424,0.995,0.96,0.008
3,57,0.22158618779429415,0.7784138122057058,2394,8431,6,1.0,1.0,0,0.0,0.0,73.38103591542794,0.18465515649524505,0.995,0.96,0.008
3,58,0.2214015326377989,0.7785984673622011,2394,8433,4,1.0,1.0,0,0.0,0.0,73.39488505216508,0.18450127719816578,0.995,0.96,0.008
3,59,0.2213092050595513,0.7786907949404487,2394,8434,3,1.0,1.0,0,0.0,0.0,73.40180962053365,0.18442433754962606,0.995,0.96,0.008
3,60,0.2213092050595513,0.7786907949404487,2394,8434,3,1.0,1.0,0,0.0,0.0,73.40180962053365,0.18442433754962606,0.995,0.96,0.008
2,32,0.21918567075985598,0.780814329240144,1823,8457,551,1.0,0.9981851179673321,1,9.232757824762257e-05,0.00042122999157540015,73.56107469301081,0.18265472563321322,0.995,0.96,0.008
2,33,0.21281506786077,0.78718493213923,1823,8526,482,1.0,1.0,0,0.0,0.0,74.03886991044224,0.17734588988397507,0.995,0.96,0.008
1,27,0.21143015418705569,0.7885698458129443,1234,8541,1056,1.0,0.990530303030303,10,0.0009232757824762256,0.004366812227074236,74.14273843597083,0.1761917951558797,0.995,0.96,0.008
2,34,0.2074600683224079,0.7925399316775921,1823,8584,424,1.0,1.0,0,0.0,0.0,74.44049487581941,0.17288339026867322,0.995,0.96,0.008
0,24,0.2053365340227126,0.7946634659772874,747,8607,1477,1.0,0.962762356127285,55,0.005078016803619241,0.02473021582733813,74.59975994829655,0.17111377835226055,0.995,0.96,0.008
2,35,0.2017357584710553,0.7982642415289447,1823,8646,362,1.0,1.0,0,0.0,0.0,74.86981811467085,0.1681131320592128,0.995,0.96,0.008
1,28,0.2004431723755886,0.7995568276244114,1234,8660,937,1.0,0.9935965848452508,6,0.0005539654694857353,0.0027637033625057578,74.96676207183086,0.16703597697965714,0.995,0.96,0.008
2,36,0.19776567260640754,0.8022343273935925,1823,8689,319,1.0,1.0,0,0.0,0.0,75.16757455451943,0.1648047271720063,0.995,0.96,0.008
2,37,0.19305696611577877,0.8069430338842212,1823,8740,268,1.0,1.0,0,0.0,0.0,75.52072754131659,0.16088080509648234,0.995,0.96,0.008
1,29,0.19167205244206445,0.8083279475579356,1234,8755,842,1.0,0.994061757719715,5,0.0004616378912381128,0.0024084778420038534,75.62459606684517,0.15972671036838698,0.995,0.96,0.008
0,25,0.18991782845535962,0.8100821715446404,747,8774,1310,1.0,0.9786259541984733,28,0.002585172190933432,0.013612056392805057,75.75616286584803,0.15826485704613305,0.995,0.96,0.008
2,38,0.18964084572061674,0.8103591542793832,1823,8777,231,1.0,1.0,0,0.0,0.0,75.77693657095374,0.15803403810051403,0.995,0.96,0.008
2,39,0.18548610469947374,0.8145138953005263,1823,8822,186,1.0,1.0,0,0.0,0.0,76.08854214753947,0.1545717539162281,0.995,0.96,0.008
2,40,0.18299326008678793,0.817006739913212,1823,8849,159,1.0,1.0,0,0.0,0.0,76.27550549349091,0.15249438340565655,0.995,0.96,0.008
1,30,0.18234696703905456,0.8176530329609454,1234,8856,741,1.0,0.9973009446693657,2,0.00018465515649524513,0.0010126582278481013,76.32397747207091,0.1519558058658788,0.995,0.96,0.008
2,41,0.18068507063059736,0.8193149293694026,1823,8874,134,1.0,1.0,0,0.0,0.0,76.4486197027052,0.15057089219216443,0.995,0.96,0.008
2,42,0.17893084664389253,0.8210691533561074,1823,8893,115,1.0,1.0,0,0.0,0.0,76.58018650170806,0.1491090388699105,0.995,0.96,0.008
0,26,0.17865386390914967,0.8213461360908504,747,8896,1188,1.0,0.9865319865319865,16,0.001477241251961961,0.008268733850129198,76.60096020681378,0.14887821992429132,0.995,0.96,0.008
2,43,0.17726895023543532,0.8227310497645647,1823,8911,97,1.0,1.0,0,0.0,0.0,76.70482873234235,0.14772412519619613,0.995,0.96,0.008
2,44,0.17569938140522573,0.8243006185947742,1823,8928,80,1.0,1.0,0,0.0,0.0,76.82254639460807,0.14641615117102147,0.995,0.96,0.008
2,45,0.17403748499676852,0.8259625150032315,1823,8946,62,1.0,1.0,0,0.0,0.0,76.94718862524236,0.1450312374973071,0.995,0.96,0.008
2,46,0.1726525713230542,0.8273474286769458,1823,8961,47,1.0,1.0,0,0.0,0.0,77.05105715077093,0.14387714276921187,0.995,0.96,0.008
1,31,0.17172929554057798,0.8282707044594221,1234,8971,626,1.0,0.9984025559105432,1,9.232757824762257e-05,0.0005376344086021505,77.12030283445665,0.14310774628381498,0.995,0.96,0.008
2,47,0.17163696796233036,0.8283630320376697,1823,8972,36,1.0,1.0,0,0.0,0.0,77.12722740282523,0.14303080663527526,0.995,0.96,0.008
2,48,0.17117533007109223,0.8288246699289078,1823,8977,31,1.0,1.0,0,0.0,0.0,77.16185024466809,0.1426461083925768,0.995,0.96,0.008
2,49,0.17071369217985413,0.8292863078201459,1823,8982,26,1.0,1.0,0,0.0,0.0,77.19647308651093,0.1422614101498785,0.995,0.96,0.008
2,50,0.17034438186686363,0.8296556181331364,1823,8986,22,1.0,1.0,0,0.0,0.0,77.22417135998523,0.14195365155571962,0.995,0.96,0.008
2,51,0.1701597267103684,0.8298402732896316,1823,8988,20,1.0,1.0,0,0.0,0.0,77.23802049672237,0.14179977225864032,0.995,0.96,0.008
2,52,0.16969808881913026,0.8303019111808697,1823,8993,15,1.0,1.0,0,0.0,0.0,77.27264333856523,0.14141507401594186,0.995,0.96,0.008
2,53,0.1694211060843874,0.8305788939156126,1823,8996,12,1.0,1.0,0,0.0,0.0,77.29341704367094,0.14118425507032287,0.995,0.96,0.008
2,54,0.16932877850613978,0.8306712214938602,1823,8997,11,1.0,1.0,0,0.0,0.0,77.30034161203952,0.14110731542178315,0.995,0.96,0.008
2,55,0.16923645092789216,0.8307635490721078,1823,8998,10,1.0,1.0,0,0.0,0.0,77.30726618040809,0.14103037577324343,0.995,0.96,0.008
2,56,0.16914412334964454,0.8308558766503554,1823,8999,9,1.0,1.0,0,0.0,0.0,77.31419074877665,0.14095343612470385,0.995,0.96,0.008
2,57,0.16886714061490168,0.8311328593850983,1823,9002,6,1.0,1.0,0,0.0,0.0,77.33496445388238,0.14072261717908469,0.995,0.96,0.008
2,58,0.16868248545840642,0.8313175145415935,1823,9004,4,1.0,1.0,0,0.0,0.0,77.34881359061951,0.1405687378820054,0.995,0.96,0.008
2,59,0.1685901578801588,0.8314098421198411,1823,9005,3,1.0,1.0,0,0.0,0.0,77.35573815898809,0.14049179823346566,0.995,0.96,0.008
2,60,0.1685901578801588,0.8314098421198411,1823,9005,3,1.0,1.0,0,0.0,0.0,77.35573815898809,0.14049179823346566,0.995,0.96,0.008
0,27,0.1664666235804635,0.8335333764195365,747,9028,1056,1.0,0.990530303030303,10,0.0009232757824762256,0.005546311702717693,77.51500323146524,0.13872218631705285,0.995,0.96,0.008
1,32,0.16480472717200628,0.8351952728279938,1234,9046,551,1.0,0.9981851179673321,1,9.232757824762257e-05,0.0005602240896358543,77.63964546209952,0.13733727264333864,0.995,0.96,0.008
1,33,0.15843412427292033,0.8415658757270796,1234,9115,482,1.0,1.0,0,0.0,0.0,78.11744067953097,0.13202843689410032,0.995,0.96,0.008
0,28,0.1554796417689964,0.8445203582310036,747,9147,937,1.0,0.9935965848452508,6,0.0005539654694857353,0.0035629453681710215,78.33902686732527,0.1295663681408303,0.995,0.96,0.008
1,34,0.1530791247345582,0.8469208752654418,1234,9173,424,1.0,1.0,0,0.0,0.0,78.51906564490814,0.12756593727879845,0.995,0.96,0.008
1,35,0.14735481488320562,0.8526451851167944,1234,9235,362,1.0,1.0,0,0.0,0.0,78.94838888375958,0.12279567906933803,0.995,0.96,0.008
0,29,0.14670852183547226,0.8532914781645278,747,9242,842,1.0,0.994061757719715,5,0.0004616378912381128,0.0031466331025802393,78.99686086233957,0.12225710152956029,0.995,0.96,0.008
1,36,0.14338472901855784,0.8566152709814422,1234,9278,319,1.0,1.0,0,0.0,0.0,79.24614532360816,0.11948727418213155,0.995,0.96,0.008
1,37,0.1386760225279291,0.8613239774720709,1234,9329,268,1.0,1.0,0,0.0,0.0,79.59929831040532,0.11556335210660759,0.995,0.96,0.008
0,30,0.13738343643246237,0.8626165635675376,747,9343,741,1.0,0.9973009446693657,2,0.00018465515649524513,0.0013440860215053765,79.69624226756532,0.11448619702705196,0.995,0.96,0.008
1,38,0.13525990213276706,0.8647400978672329,1234,9366,231,1.0,1.0,0,0.0,0.0,79.85550734004246,0.11271658511063928,0.995,0.96,0.008
1,39,0.13110516111162404,0.8688948388883759,1234,9411,186,1.0,1.0,0,0.0,0.0,80.1671129166282,0.10925430092635335,0.995,0.96,0.008
1,40,0.12861231649893823,0.8713876835010618,1234,9438,159,1.0,1.0,0,0.0,0.0,80.35407626257964,0.10717693041578179,0.995,0.96,0.008
0,31,0.12676576493398578,0.8732342350660142,747,9458,626,1.0,0.9984025559105432,1,9.232757824762257e-05,0.0007283321194464676,80.49256762995107,0.10563813744498812,0.995,0.96,0.008
1,41,0.12630412704274768,0.8736958729572524,1234,9463,134,1.0,1.0,0,0.0,0.0,80.52719047179393,0.10525343920228968,0.995,0.96,0.008
1,42,0.12454990305604284,0.8754500969439571,1234,9482,115,1.0,1.0,0,0.0,0.0,80.65875727079678,0.10379158588003573,0.995,0.96,0.008
1,43,0.12288800664758563,0.8771119933524144,1234,9500,97,1.0,1.0,0,0.0,0.0,80.78339950143108,0.10240667220632137,0.995,0.96,0.008
1,44,0.12131843781737606,0.8786815621826239,1234,9517,80,1.0,1.0,0,0.0,0.0,80.9011171636968,0.10109869818114671,0.995,0.96,0.008
0,32,0.11984119656541409,0.8801588034345859,747,9533,551,1.0,0.9981851179673321,1,9.232757824762257e-05,0.0007704160246533128,81.01191025759394,0.09986766380451179,0.995,0.96,0.008
1,45,0.11965654140891885,0.8803434585910812,1234,9535,62,1.0,1.0,0,0.0,0.0,81.02575939433109,0.09971378450743235,0.995,0.96,0.008
1,46,0.1182716277352045,0.8817283722647955,1234,9550,47,1.0,1.0,0,0.0,0.0,81.12962791985966,0.09855968977933713,0.995,0.96,0.008
1,47,0.11725602437448066,0.8827439756255193,1234,9561,36,1.0,1.0,0,0.0,0.0,81.20579817191395,0.0977133536454005,0.995,0.96,0.008
1,48,0.11679438648324254,0.8832056135167574,1234,9566,31,1.0,1.0,0,0.0,0.0,81.24042101375682,0.09732865540270205,0.995,0.96,0.008
1,49,0.11633274859200443,0.8836672514079955,1234,9571,26,1.0,1.0,0,0.0,0.0,81.27504385559966,0.09694395716000376,0.995,0.96,0.008
1,50,0.11596343827901394,0.8840365617209861,1234,9575,22,1.0,1.0,0,0.0,0.0,81.30274212907395,0.09663619856584502,0.995,0.96,0.008
1,51,0.1157787831225187,0.8842212168774813,1234,9577,20,1.0,1.0,0,0.0,0.0,81.3165912658111,0.09648231926876558,0.995,0.96,0.008
1,52,0.11531714523128059,0.8846828547687194,1234,9582,15,1.0,1.0,0,0.0,0.0,81.35121410765396,0.09609762102606711,0.995,0.96,0.008
1,53,0.11504016249653772,0.8849598375034623,1234,9585,12,1.0,1.0,0,0.0,0.0,81.37198781275967,0.09586680208044811,0.995,0.96,0.008
1,54,0.1149478349182901,0.8850521650817099,1234,9586,11,1.0,1.0,0,0.0,0.0,81.37891238112825,0.09578986243190839,0.995,0.96,0.008
1,55,0.11485550734004248,0.8851444926599575,1234,9587,10,1.0,1.0,0,0.0,0.0,81.38583694949682,0.09571292278336867,0.995,0.96,0.008
1,56,0.11476317976179484,0.8852368202382052,1234,9588,9,1.0,1.0,0,0.0,0.0,81.39276151786538,0.0956359831348291,0.995,0.96,0.008
1,57,0.11448619702705198,0.885513802972948,1234,9591,6,1.0,1.0,0,0.0,0.0,81.4135352229711,0.09540516418920994,0.995,0.96,0.008
1,58,0.11430154187055673,0.8856984581294433,1234,9593,4,1.0,1.0,0,0.0,0.0,81.42738435970824,0.09525128489213065,0.995,0.96,0.008
1,59,0.11420921429230911,0.8857907857076909,1234,9594,3,1.0,1.0,0,0.0,0.0,81.43430892807682,0.09517434524359092,0.995,0.96,0.008
1,60,0.11420921429230911,0.8857907857076909,1234,9594,3,1.0,1.0,0,0.0,0.0,81.43430892807682,0.09517434524359092,0.995,0.96,0.008
0,33,0.11347059366632813,0.8865294063336718,747,9602,482,1.0,1.0,0,0.0,0.0,81.48970547502539,0.09455882805527346,0.995,0.96,0.008
0,34,0.10811559412796602,0.891884405872034,747,9660,424,1.0,1.0,0,0.0,0.0,81.89133044040256,0.0900963284399716,0.995,0.96,0.008
0,35,0.10239128427661343,0.8976087157233866,747,9722,362,1.0,1.0,0,0.0,0.0,82.320653679254,0.08532607023051118,0.995,0.96,0.008
0,36,0.09842119841196566,0.9015788015880344,747,9765,319,1.0,1.0,0,0.0,0.0,82.61841011910258,0.0820176653433047,0.995,0.96,0.008
0,37,0.0937124919213369,0.9062875080786631,747,9816,268,1.0,1.0,0,0.0,0.0,82.97156310589973,0.07809374326778075,0.995,0.96,0.008
0,38,0.09029637152617487,0.9097036284738251,747,9853,231,1.0,1.0,0,0.0,0.0,83.22777213553688,0.07524697627181243,0.995,0.96,0.008
0,39,0.08614163050503185,0.9138583694949681,747,9898,186,1.0,1.0,0,0.0,0.0,83.53937771212262,0.0717846920875265,0.995,0.96,0.008
0,40,0.08364878589234605,0.916351214107654,747,9925,159,1.0,1.0,0,0.0,0.0,83.72634105807404,0.0697073215769551,0.995,0.96,0.008
0,41,0.08134059643615547,0.9186594035638446,747,9950,134,1.0,1.0,0,0.0,0.0,83.89945526728835,0.06778383036346282,0.995,0.96,0.008
0,42,0.07958637244945065,0.9204136275505493,747,9969,115,1.0,1.0,0,0.0,0.0,84.0310220662912,0.06632197704120889,0.995,0.96,0.008
0,43,0.07792447604099345,0.9220755239590066,747,9987,97,1.0,1.0,0,0.0,0.0,84.1556642969255,0.06493706336749451,0.995,0.96,0.008
0,44,0.07635490721078386,0.9236450927892161,747,10004,80,1.0,1.0,0,0.0,0.0,84.27338195919121,0.06362908934231987,0.995,0.96,0.008
0,45,0.07469301080232665,0.9253069891976733,747,10022,62,1.0,1.0,0,0.0,0.0,84.3980241898255,0.06224417566860549,0.995,0.96,0.008
0,46,0.07330809712861232,0.9266919028713877,747,10037,47,1.0,1.0,0,0.0,0.0,84.50189271535407,0.061090080940510286,0.995,0.96,0.008
0,47,0.07229249376788847,0.9277075062321115,747,10048,36,1.0,1.0,0,0.0,0.0,84.57806296740837,0.06024374480657365,0.995,0.96,0.008
0,48,0.07183085587665035,0.9281691441233496,747,10053,31,1.0,1.0,0,0.0,0.0,84.61268580925122,0.059859046563875355,0.995,0.96,0.008
0,49,0.07136921798541224,0.9286307820145877,747,10058,26,1.0,1.0,0,0.0,0.0,84.64730865109408,0.0594743483211769,0.995,0.96,0.008
0,50,0.07099990767242176,0.9290000923275783,747,10062,22,1.0,1.0,0,0.0,0.0,84.67500692456836,0.059166589727018166,0.995,0.96,0.008
0,51,0.0708152525159265,0.9291847474840735,747,10064,20,1.0,1.0,0,0.0,0.0,84.68885606130551,0.059012710429938726,0.995,0.96,0.008
0,52,0.0703536146246884,0.9296463853753116,747,10069,15,1.0,1.0,0,0.0,0.0,84.72347890314838,0.05862801218724027,0.995,0.96,0.008
0,53,0.07007663188994552,0.9299233681100545,747,10072,12,1.0,1.0,0,0.0,0.0,84.74425260825409,0.05839719324162126,0.995,0.96,0.008
0,54,0.0699843043116979,0.9300156956883021,747,10073,11,1.0,1.0,0,0.0,0.0,84.75117717662266,0.05832025359308154,0.995,0.96,0.008
0,55,0.06989197673345028,0.9301080232665497,747,10074,10,1.0,1.0,0,0.0,0.0,84.75810174499122,0.05824331394454197,0.995,0.96,0.008
0,56,0.06979964915520266,0.9302003508447974,747,10075,9,1.0,1.0,0,0.0,0.0,84.7650263133598,0.05816637429600225,0.995,0.96,0.008
0,57,0.06952266642045979,0.9304773335795402,747,10078,6,1.0,1.0,0,0.0,0.0,84.78580001846552,0.05793555535038308,0.995,0.96,0.008
0,58,0.06933801126396455,0.9306619887360355,747,10080,4,1.0,1.0,0,0.0,0.0,84.79964915520266,0.057781676053303796,0.995,0.96,0.008
0,59,0.06924568368571693,0.9307543163142831,747,10081,3,1.0,1.0,0,0.0,0.0,84.80657372357123,0.057704736404764076,0.995,0.96,0.008
0,60,0.06924568368571693,0.9307543163142831,747,10081,3,1.0,1.0,0,0.0,0.0,84.80657372357123,0.057704736404764076,0.995,0.96,0.008
